{"frameRate":24,"version":"5.5","armature":[{"frameRate":24,"defaultActions":[{"gotoAndPlay":"chuguo"}],"ik":[],"bone":[{"transform":{},"name":"root"},{"length":19,"parent":"root","transform":{"y":143.75,"skX":95.6224,"skY":95.6224,"x":33.75},"name":"cloth"},{"length":135,"parent":"root","transform":{"y":19.35,"skX":-94.0946,"skY":-94.0946,"x":-82.2532},"name":"pointlight_1"},{"length":104,"parent":"root","transform":{"y":-176.6,"skX":-83.3669,"skY":-83.3669,"x":150.0129},"name":"pointlight"},{"length":87,"parent":"root","transform":{"y":536.0097,"skX":-88.3888,"skY":-88.3888,"x":-128.2339},"name":"light_s"},{"length":108,"parent":"root","transform":{"y":557.7887,"skX":-88.7375,"skY":-88.7375,"x":275.7097},"name":"light_b"},{"length":143,"parent":"root","transform":{"y":355.65,"skX":-84.2,"skY":-84.2,"x":171.8},"name":"pointlight_2"},{"length":101,"parent":"cloth","transform":{"y":0.6613,"skX":173.812,"skY":173.812,"x":22.3724},"name":"cloth1"},{"length":330,"parent":"cloth1","transform":{"y":26.8082,"skX":173.6911,"skY":173.6911,"x":-19.5656},"name":"leg_l"},{"length":315,"parent":"cloth1","transform":{"y":-25.3085,"skX":-170.803,"skY":-170.803,"x":-21.0012},"name":"leg_r"},{"length":205,"parent":"cloth1","transform":{"skX":-2.123,"skY":-2.123,"x":101.3049},"name":"body"},{"length":181,"parent":"body","transform":{"y":-47.2426,"skX":-172.4164,"skY":-172.4164,"x":206.9938},"name":"arm_r"},{"length":193,"parent":"body","transform":{"y":35.0284,"skX":172.3267,"skY":172.3267,"x":210.839},"name":"arm_l"},{"length":44,"parent":"body","transform":{"y":-3.6652,"skX":-1.0484,"skY":-1.0484,"x":209.7528},"name":"neck"},{"length":134,"parent":"neck","transform":{"y":-0.6319,"skX":5.3815,"skY":5.3815,"x":49.3962},"name":"head_0"},{"length":37,"parent":"head_0","transform":{"y":-0.8391,"skX":-139.7705,"skY":-139.7705,"x":130.2796},"name":"eye_0"},{"length":99,"parent":"head_0","transform":{"y":-0.8119,"skX":148.0783,"skY":148.0783,"x":129.33},"name":"mouth"},{"length":103,"parent":"head_0","transform":{"y":-2.8156,"skX":35.7803,"skY":35.7803,"x":131.1732},"name":"hair_15"}],"slot":[{"color":{},"displayIndex":5,"name":"arm_l","parent":"arm_l"},{"z":1,"color":{},"displayIndex":7,"name":"leg_l","parent":"leg_l"},{"z":2,"color":{},"displayIndex":10,"name":"leg_r","parent":"leg_r"},{"z":3,"color":{},"displayIndex":2,"name":"body","parent":"body"},{"z":4,"color":{},"name":"cloth","parent":"cloth1"},{"z":5,"color":{},"displayIndex":11,"name":"arm_r","parent":"arm_r"},{"z":6,"color":{},"displayIndex":2,"name":"neck","parent":"neck"},{"z":7,"color":{},"displayIndex":2,"name":"head_0","parent":"head_0"},{"z":8,"color":{},"displayIndex":20,"name":"hair_15","parent":"hair_15"},{"z":9,"color":{},"displayIndex":2,"name":"eye_0","parent":"eye_0"},{"z":10,"color":{},"displayIndex":4,"name":"mouth_0","parent":"mouth"},{"z":11,"color":{},"name":"light_s","parent":"light_s"},{"z":12,"color":{},"name":"light_b","parent":"light_b"},{"z":13,"color":{},"name":"pointlight","parent":"pointlight"},{"z":14,"color":{},"name":"pointlight_0","parent":"pointlight_2"},{"z":15,"color":{},"name":"pointlight_1","parent":"pointlight_1"}],"type":"Armature","skin":[{"slot":[{"display":[{"vertices":[-385.71,-262.46,514.29,-262.46,-385.71,227.54,514.29,227.54,-385.71,-41.5,-282.63,-42.65,-201.88,-45,-110.53,-46.3,-62.58,-52,-13.38,-85.95,38.12,-110.55,83.77,-110.55,132.97,-71.9,184.72,-51.65,251.92,-52.5,326.12,-49.7,436.17,-50.85,514.29,-53.2,514.28,44.95,437.22,35.75,333.82,37.8,241.47,45.1,177.27,53.25,131.77,68.55,86.12,88.45,33.42,91.95,-11.03,80.25,-67.23,68.55,-125.78,59.2,-199.53,53.35,-286.13,53.35,-385.71,55.7],"width":900,"path":"light_0","userEdges":[4,5,5,6,6,7,7,8,8,9,9,10,10,11,11,12,12,13,13,14,14,15,15,16,16,17,18,19,19,20,20,21,21,22,22,23,23,24,24,25,25,26,26,27,27,28,28,29,29,30,30,31],"height":490,"uvs":[0,0,1,0,0,1,1,1,0,0.45093,0.11454,0.44858,0.20426,0.44379,0.30576,0.44113,0.35904,0.4295,0.41371,0.36021,0.47093,0.31001,0.52165,0.31001,0.57632,0.38889,0.63382,0.42935,0.70848,0.42848,0.79093,0.43419,0.91321,0.43185,1,0.42705,1,0.62736,0.91437,0.60858,0.79948,0.61277,0.69687,0.62777,0.62554,0.6443,0.57498,0.67552,0.52426,0.71613,0.46571,0.72328,0.41632,0.6994,0.35387,0.67552,0.28882,0.65644,0.20687,0.6445,0.11065,0.6445,0,0.6493],"type":"mesh","transform":{"y":-287.7765,"skX":88.7375,"skY":88.7375,"x":35.2523},"name":"light_0","edges":[0,1,3,2,4,0,1,17,17,18,18,3,2,31,31,4],"triangles":[0,10,11,22,23,21,24,25,3,25,2,3,21,23,3,23,24,3,20,21,3,19,20,3,19,3,18,14,15,1,11,14,1,15,16,1,0,11,1,19,18,17,16,19,17,1,16,17,15,20,16,16,20,19,12,13,14,11,12,14,15,14,20,14,21,20,26,2,25,13,22,21,13,21,14,27,2,26,12,23,22,12,22,13,0,9,10,10,9,12,25,24,12,9,25,12,11,10,12,24,23,12,28,2,27,0,7,9,9,8,26,9,26,25,0,6,7,8,27,26,29,2,28,7,8,9,7,28,27,7,27,8,0,5,6,30,2,29,6,29,28,6,28,7,6,5,29,5,30,29,31,2,30,4,31,30,4,30,5,0,4,5]}],"name":"light_b"},{"display":[{"type":"image","transform":{"y":24.245,"skX":84.2,"skY":84.2,"x":68.1337},"name":"pointlight_0","path":"pointlight_0"}],"name":"pointlight_0"},{"display":[{"type":"image","transform":{"y":18.4132,"skX":-83.1255,"skY":-83.1255,"x":99.2596},"name":"leg_l","path":"leg_l"},{"type":"image","transform":{"y":-8.7481,"skX":-83.1255,"skY":-83.1255,"x":70.3025},"name":"leg_l_11","path":"leg_l_11"},{"type":"image","transform":{"y":2.5598,"skX":-83.1255,"skY":-83.1255,"x":122.323},"name":"leg_l_10","path":"leg_l_10"},{"type":"image","transform":{"y":24.6512,"skX":-83.1255,"skY":-83.1255,"x":176.0652},"name":"leg_l_9","path":"leg_l_9"},{"type":"image","transform":{"y":2.5598,"skX":-83.1255,"skY":-83.1255,"x":122.323},"name":"leg_l_7","path":"leg_l_7"},{"type":"image","transform":{"y":7.5131,"skX":-83.1255,"skY":-83.1255,"x":138.3453},"name":"leg_l_6","path":"leg_l_6"},{"type":"image","transform":{"y":14.5718,"skX":-83.1255,"skY":-83.1255,"x":155.121},"name":"leg_l_5","path":"leg_l_5"},{"type":"image","transform":{"y":24.6512,"skX":-83.1255,"skY":-83.1255,"x":176.0652},"name":"leg_l_4","path":"leg_l_4"},{"type":"image","transform":{"y":-18.7249,"skX":-83.1255,"skY":-83.1255,"x":-16.6283},"name":"leg_l_3","path":"leg_l_3"},{"type":"image","transform":{"y":-3.0023,"skX":-83.1255,"skY":-83.1255,"x":46.9469},"name":"leg_l_2","path":"leg_l_2"},{"type":"image","transform":{"y":-1.2668,"skX":-83.1255,"skY":-83.1255,"x":61.3426},"name":"leg_l_1","path":"leg_l_1"},{"type":"image","transform":{"y":6.9045,"skX":-83.1255,"skY":-83.1255,"x":78.9915},"name":"leg_l_0","path":"leg_l_0"},{"type":"image","transform":{"y":-8.7481,"skX":-83.1255,"skY":-83.1255,"x":70.3025},"name":"leg_l_8","path":"leg_l_8"},{"type":"image","transform":{"y":7.5131,"skX":-83.1255,"skY":-83.1255,"x":138.3453},"name":"左脚_0","path":"左脚_0"},{"type":"image","transform":{"y":14.5718,"skX":-83.1255,"skY":-83.1255,"x":155.121},"name":"左脚","path":"左脚"}],"name":"leg_l"},{"display":[{"type":"image","transform":{"y":-6.1103,"skX":92.6886,"skY":92.6886,"x":123.5726},"name":"body","path":"body"},{"type":"image","transform":{"y":-5.2287,"skX":92.6886,"skY":92.6886,"x":121.0285},"name":"body_1","path":"body_1"},{"type":"image","transform":{"y":-5.2287,"skX":92.6886,"skY":92.6886,"x":121.0285},"name":"body_0","path":"body_0"}],"name":"body"},{"display":[{"type":"image","transform":{"y":16.7118,"skX":-94.895,"skY":-94.895,"x":103.7043},"name":"arm_r_8","path":"arm_r_8"},{"type":"image","transform":{"y":16.7118,"skX":-94.895,"skY":-94.895,"x":103.7043},"name":"arm_r_13","path":"arm_r_13"},{"type":"image","transform":{"y":17.1271,"skX":-94.895,"skY":-94.895,"x":139.8716},"name":"arm_r_12","path":"arm_r_12"},{"type":"image","transform":{"y":16.2889,"skX":-94.895,"skY":-94.895,"x":161.3785},"name":"arm_r_11","path":"arm_r_11"},{"type":"image","transform":{"y":17.5575,"skX":-94.895,"skY":-94.895,"x":187.5824},"name":"arm_r_10","path":"arm_r_10"},{"type":"image","transform":{"y":16.8912,"skX":-94.895,"skY":-94.895,"x":224.6607},"name":"arm_r_9","path":"arm_r_9"},{"type":"image","transform":{"y":19.2453,"skX":-94.895,"skY":-94.895,"x":103.4194},"name":"arm_r_3","path":"arm_r_3"},{"type":"image","transform":{"y":18.579,"skX":-94.895,"skY":-94.895,"x":140.4978},"name":"arm_r_2","path":"arm_r_2"},{"type":"image","transform":{"y":17.8687,"skX":-94.895,"skY":-94.895,"x":160.5102},"name":"arm_r_1","path":"arm_r_1"},{"type":"image","transform":{"y":19.6355,"skX":-94.895,"skY":-94.895,"x":186.7567},"name":"arm_r_0","path":"arm_r_0"},{"type":"image","transform":{"y":18.471,"skX":-94.895,"skY":-94.895,"x":223.7924},"name":"arm_r","path":"arm_r"},{"type":"image","transform":{"y":16.8912,"skX":-94.895,"skY":-94.895,"x":224.6607},"name":"arm_r_4","path":"arm_r_4"},{"type":"image","transform":{"y":17.5575,"skX":-94.895,"skY":-94.895,"x":187.5824},"name":"arm_r_5","path":"arm_r_5"},{"type":"image","transform":{"y":16.2889,"skX":-94.895,"skY":-94.895,"x":161.3785},"name":"arm_r_6","path":"arm_r_6"},{"type":"image","transform":{"y":17.1271,"skX":-94.895,"skY":-94.895,"x":139.8716},"name":"arm_r_7","path":"arm_r_7"}],"name":"arm_r"},{"display":[{"type":"image","transform":{"y":-0.3386,"skX":88.3555,"skY":88.3555,"x":114.5875},"name":"head_0","path":"head_0"},{"type":"image","transform":{"y":-0.3386,"skX":88.3555,"skY":88.3555,"x":114.5875},"name":"head_1","path":"head_1"},{"type":"image","transform":{"y":-0.0755,"skX":88.3555,"skY":88.3555,"x":70.5769},"name":"head","path":"head"}],"name":"head_0"},{"display":[{"type":"image","transform":{"y":-16.269,"skX":-131.874,"skY":-131.874,"x":-2.9001},"name":"eye_0","path":"eye_0"},{"type":"image","transform":{"y":-20.4282,"skX":-131.874,"skY":-131.874,"x":-1.2567},"name":"eye","path":"eye"},{"type":"image","transform":{"y":-19.2728,"skX":-131.874,"skY":-131.874,"x":0.4506},"name":"eye_1","path":"eye_1"}],"name":"eye_0"},{"display":[{"vertices":[-435.5,-199,435.5,-199,-435.5,199,435.5,199,-435.5,-23.84,-349.9,-27.39,-246.9,-19.19,-78.3,-7.49,27.05,-13.34,158.15,-17.99,340.8,-19.19,435.5,-25.04,435.5,25.31,305.7,44.06,135.95,41.71,30.55,48.71,-91.2,56.91,-203.55,56.91,-372.15,52.26,-435.5,51.06],"width":871,"path":"light","userEdges":[4,5,5,6,6,7,7,8,8,9,9,10,12,13,13,14,14,15,15,16,16,17,17,18,18,19],"height":398,"uvs":[0,0,1,0,0,1,1,1,0,0.44011,0.09828,0.43119,0.21654,0.45179,0.41011,0.48119,0.53106,0.46649,0.68158,0.45481,0.89128,0.45179,1,0.43709,1,0.5636,0.85098,0.61071,0.65609,0.60481,0.53508,0.6224,0.3953,0.643,0.26631,0.643,0.07274,0.63131,0,0.6283],"type":"mesh","transform":{"y":158.5979,"skX":88.3888,"skY":88.3888,"x":40.7485},"name":"light","edges":[0,1,3,2,4,0,1,11,11,12,12,3,2,19,19,4],"triangles":[15,16,3,16,2,3,14,15,3,13,14,3,8,9,1,0,8,1,9,10,1,10,11,1,13,3,12,11,10,12,10,13,12,0,7,8,9,13,10,9,14,13,17,2,16,0,6,7,8,14,9,8,15,14,8,7,15,7,16,15,17,16,7,6,17,7,0,5,6,6,18,17,18,2,17,5,18,6,19,2,18,4,18,5,0,4,5,4,19,18]}],"name":"light_s"},{"display":[{"type":"image","transform":{"y":-18.6216,"skX":83.3669,"skY":83.3669,"x":35.3803},"name":"pointlight","path":"pointlight"}],"name":"pointlight"},{"display":[{"type":"image","transform":{"y":15.3626,"skX":94.0946,"skY":94.0946,"x":45.3689},"name":"pointlight_1","path":"pointlight_1"}],"name":"pointlight_1"},{"display":[{"type":"image","transform":{"y":-3.0494,"skX":-79.6381,"skY":-79.6381,"x":108.4166},"name":"arm_l_8","path":"arm_l_8"},{"type":"image","transform":{"y":-0.7311,"skX":-79.6381,"skY":-79.6381,"x":146.1144},"name":"arm_l_7","path":"arm_l_7"},{"type":"image","transform":{"y":0.7667,"skX":-79.6381,"skY":-79.6381,"x":168.2053},"name":"arm_l_6","path":"arm_l_6"},{"type":"image","transform":{"y":3.3437,"skX":-79.6381,"skY":-79.6381,"x":196.1983},"name":"arm_l_5","path":"arm_l_5"},{"type":"image","transform":{"y":5.2123,"skX":-79.6381,"skY":-79.6381,"x":231.4369},"name":"arm_l_4","path":"arm_l_4"},{"type":"image","transform":{"y":7.8936,"skX":-79.6381,"skY":-79.6381,"x":229.4218},"name":"arm_l","path":"arm_l"},{"type":"image","transform":{"y":4.9513,"skX":-79.6381,"skY":-79.6381,"x":193.8712},"name":"arm_l_0","path":"arm_l_0"},{"type":"image","transform":{"y":2.4643,"skX":-79.6381,"skY":-79.6381,"x":166.37},"name":"arm_l_1","path":"arm_l_1"},{"type":"image","transform":{"y":0.4746,"skX":-79.6381,"skY":-79.6381,"x":144.3691},"name":"arm_l_2","path":"arm_l_2"},{"type":"image","transform":{"y":-0.7701,"skX":-79.6381,"skY":-79.6381,"x":106.9833},"name":"arm_l_3","path":"arm_l_3"},{"type":"image","transform":{"y":5.2123,"skX":-79.6381,"skY":-79.6381,"x":231.4369},"name":"arm_l_9","path":"arm_l_9"},{"type":"image","transform":{"y":3.3437,"skX":-79.6381,"skY":-79.6381,"x":196.1983},"name":"arm_l_10","path":"arm_l_10"},{"type":"image","transform":{"y":0.7667,"skX":-79.6381,"skY":-79.6381,"x":168.2053},"name":"arm_l_11","path":"arm_l_11"},{"type":"image","transform":{"y":-0.7311,"skX":-79.6381,"skY":-79.6381,"x":146.1144},"name":"arm_l_12","path":"arm_l_12"},{"type":"image","transform":{"y":-3.0494,"skX":-79.6381,"skY":-79.6381,"x":108.4166},"name":"arm_l_13","path":"arm_l_13"}],"name":"arm_l"},{"display":[{"type":"image","transform":{"y":-27.5964,"skX":-98.6314,"skY":-98.6314,"x":160.4759},"name":"leg_r_5","path":"leg_r_5"},{"type":"image","transform":{"y":-29.8951,"skX":-98.6314,"skY":-98.6314,"x":75.6704},"name":"leg_r_8","path":"leg_r_8"},{"type":"image","transform":{"y":-10.762,"skX":-98.6314,"skY":-98.6314,"x":119.5387},"name":"leg_r","path":"leg_r"},{"type":"image","transform":{"y":-17.1219,"skX":-98.6314,"skY":-98.6314,"x":94.8041},"name":"leg_r_0","path":"leg_r_0"},{"type":"image","transform":{"y":-21.4163,"skX":-98.6314,"skY":-98.6314,"x":76.4518},"name":"leg_r_1","path":"leg_r_1"},{"type":"image","transform":{"y":-19.2402,"skX":-98.6314,"skY":-98.6314,"x":62.116},"name":"leg_r_2","path":"leg_r_2"},{"type":"image","transform":{"y":-14.6667,"skX":-98.6314,"skY":-98.6314,"x":-7.9917},"name":"leg_r_3","path":"leg_r_3"},{"type":"image","transform":{"y":-22.7946,"skX":-98.6314,"skY":-98.6314,"x":185.4797},"name":"leg_r_4","path":"leg_r_4"},{"type":"image","transform":{"y":-32.8044,"skX":-98.6314,"skY":-98.6314,"x":141.4791},"name":"leg_r_6","path":"leg_r_6"},{"type":"image","transform":{"y":-30.3591,"skX":-98.6314,"skY":-98.6314,"x":128.7014},"name":"leg_r_7","path":"leg_r_7"},{"type":"image","transform":{"y":-22.7946,"skX":-98.6314,"skY":-98.6314,"x":185.4797},"name":"leg_r_9","path":"leg_r_9"},{"type":"image","transform":{"y":-27.5964,"skX":-98.6314,"skY":-98.6314,"x":160.4759},"name":"leg_r_10","path":"leg_r_10"},{"type":"image","transform":{"y":-32.8044,"skX":-98.6314,"skY":-98.6314,"x":141.4791},"name":"leg_r_11","path":"leg_r_11"},{"type":"image","transform":{"y":-30.3591,"skX":-98.6314,"skY":-98.6314,"x":128.7014},"name":"leg_r_12","path":"leg_r_12"},{"type":"image","transform":{"y":-29.8951,"skX":-98.6314,"skY":-98.6314,"x":75.6704},"name":"leg_r_13","path":"leg_r_13"}],"name":"leg_r"},{"display":[{"type":"image","transform":{"y":-3.9117,"skX":90.5656,"skY":90.5656,"x":49.491},"name":"cloth","path":"cloth"}],"name":"cloth"},{"display":[{"type":"image","transform":{"y":-5.8005,"skX":93.737,"skY":93.737,"x":24.7306},"name":"neck","path":"neck"},{"type":"image","transform":{"y":3.2456,"skX":93.737,"skY":93.737,"x":25.1419},"name":"neck_1","path":"neck_1"},{"type":"image","transform":{"y":3.2456,"skX":93.737,"skY":93.737,"x":25.1419},"name":"neck_0","path":"neck_0"}],"name":"neck"},{"display":[{"type":"image","transform":{"y":-28.1884,"skX":52.5752,"skY":52.5752,"x":28.6083},"name":"hair_15","path":"hair_15"},{"type":"image","transform":{"y":-28.9583,"skX":52.5752,"skY":52.5752,"x":25.5007},"name":"hair","path":"hair"},{"type":"image","transform":{"y":-66.1188,"skX":52.5752,"skY":52.5752,"x":62.5426},"name":"hair_0","path":"hair_0"},{"type":"image","transform":{"y":-66.1188,"skX":52.5752,"skY":52.5752,"x":62.5426},"name":"hair_2","path":"hair_2"},{"type":"image","transform":{"y":-66.1188,"skX":52.5752,"skY":52.5752,"x":62.5426},"name":"hair_4","path":"hair_4"},{"type":"image","transform":{"y":-57.0103,"skX":52.5752,"skY":52.5752,"x":72.0312},"name":"hair_6","path":"hair_6"},{"type":"image","transform":{"y":-57.0103,"skX":52.5752,"skY":52.5752,"x":72.0312},"name":"hair_8","path":"hair_8"},{"type":"image","transform":{"y":-37.8393,"skX":52.5752,"skY":52.5752,"x":33.8151},"name":"hair_10","path":"hair_10"},{"type":"image","transform":{"y":-37.8393,"skX":52.5752,"skY":52.5752,"x":33.8151},"name":"hair_12","path":"hair_12"},{"type":"image","transform":{"y":-37.8393,"skX":52.5752,"skY":52.5752,"x":33.8151},"name":"hair_14","path":"hair_14"},{"type":"image","transform":{"y":-28.1884,"skX":52.5752,"skY":52.5752,"x":28.6083},"name":"hair_16","path":"hair_16"},{"type":"image","transform":{"y":-28.1884,"skX":52.5752,"skY":52.5752,"x":28.6083},"name":"hair_18","path":"hair_18"},{"type":"image","transform":{"y":-28.1884,"skX":52.5752,"skY":52.5752,"x":28.6083},"name":"hair_19","path":"hair_19"},{"type":"image","transform":{"y":-28.1884,"skX":52.5752,"skY":52.5752,"x":28.6083},"name":"hair_17","path":"hair_17"},{"type":"image","transform":{"y":-37.8393,"skX":52.5752,"skY":52.5752,"x":33.8151},"name":"hair_13","path":"hair_13"},{"type":"image","transform":{"y":-37.8393,"skX":52.5752,"skY":52.5752,"x":33.8151},"name":"hair_11","path":"hair_11"},{"type":"image","transform":{"y":-57.0103,"skX":52.5752,"skY":52.5752,"x":72.0312},"name":"hair_9","path":"hair_9"},{"type":"image","transform":{"y":-57.0103,"skX":52.5752,"skY":52.5752,"x":72.0312},"name":"hair_7","path":"hair_7"},{"type":"image","transform":{"y":-57.0103,"skX":52.5752,"skY":52.5752,"x":72.0312},"name":"hair_5","path":"hair_5"},{"type":"image","transform":{"y":-66.1188,"skX":52.5752,"skY":52.5752,"x":62.5426},"name":"hair_3","path":"hair_3"},{"type":"image","transform":{"y":-66.1188,"skX":52.5752,"skY":52.5752,"x":62.5426},"name":"hair_1","path":"hair_1"}],"name":"hair_15"},{"display":[{"type":"image","transform":{"y":17.8592,"skX":-59.7228,"skY":-59.7228,"x":91.1834},"name":"mouth_0","path":"mouth_0"},{"type":"image","transform":{"y":31.1726,"skX":-59.7228,"skY":-59.7228,"x":82.2529},"name":"mouth_2","path":"mouth_2"},{"type":"image","transform":{"y":24.6607,"skX":-59.7228,"skY":-59.7228,"x":88.9495},"name":"mouth","path":"mouth"},{"type":"image","transform":{"y":26.4228,"skX":-59.7228,"skY":-59.7228,"x":85.0259},"name":"mouth_3","path":"mouth_3"},{"type":"image","transform":{"y":18.8327,"skX":-59.7228,"skY":-59.7228,"x":95.8259},"name":"mouth_1","path":"mouth_1"}],"name":"mouth_0"}],"name":""}],"name":"armatureName","animation":[{"slot":[{"colorFrame":[],"displayFrame":[],"name":"light_s"},{"colorFrame":[],"displayFrame":[{"value":-1,"duration":2},{"duration":26},{"value":-1,"duration":20}],"name":"light_b"},{"colorFrame":[],"displayFrame":[{"value":-1,"duration":6},{"duration":2},{"value":-1,"duration":4},{"duration":2},{"value":-1,"duration":4},{"duration":2},{"value":-1,"duration":28}],"name":"pointlight"},{"colorFrame":[],"displayFrame":[{"value":-1,"duration":2},{"duration":2},{"value":-1,"duration":2},{"value":-1,"duration":2},{"duration":2},{"value":-1,"duration":4},{"duration":2},{"value":-1,"duration":4},{"duration":2},{"value":-1,"duration":26}],"name":"pointlight_0"},{"colorFrame":[],"displayFrame":[{"value":-1,"duration":4},{"duration":2},{"value":-1,"duration":4},{"duration":2},{"value":-1,"duration":4},{"duration":2},{"value":-1,"duration":2},{"duration":2},{"value":-1,"duration":26}],"name":"pointlight_1"},{"colorFrame":[],"displayFrame":[{"value":-1,"duration":22},{"value":4,"duration":26}],"name":"arm_l"},{"colorFrame":[],"displayFrame":[{"value":-1,"duration":12},{"value":11,"duration":36}],"name":"leg_l"},{"colorFrame":[],"displayFrame":[{"value":-1,"duration":9},{"duration":39}],"name":"leg_r"},{"colorFrame":[],"displayFrame":[{"value":-1,"duration":21},{"duration":27}],"name":"body"},{"colorFrame":[],"displayFrame":[{"value":-1,"duration":18},{"duration":30}],"name":"cloth"},{"colorFrame":[],"displayFrame":[{"value":-1,"duration":20},{"value":10,"duration":28}],"name":"arm_r"},{"colorFrame":[],"displayFrame":[{"value":-1,"duration":23},{"value":1,"duration":25}],"name":"neck"},{"colorFrame":[],"displayFrame":[{"value":-1,"duration":24},{"duration":24}],"name":"head_0"},{"colorFrame":[],"displayFrame":[{"value":-1,"duration":24},{"duration":24}],"name":"hair_15"},{"colorFrame":[],"displayFrame":[{"value":-1,"duration":24},{"value":1,"duration":24}],"name":"eye_0"},{"colorFrame":[],"displayFrame":[{"value":-1,"duration":24},{"duration":24}],"name":"mouth_0"}],"bone":[{"rotateFrame":[],"scaleFrame":[],"translateFrame":[],"name":"root"},{"rotateFrame":[],"scaleFrame":[],"translateFrame":[],"name":"cloth"},{"rotateFrame":[],"scaleFrame":[],"translateFrame":[],"name":"pointlight_1"},{"rotateFrame":[],"scaleFrame":[],"translateFrame":[],"name":"pointlight"},{"rotateFrame":[],"scaleFrame":[],"translateFrame":[{"y":43.5484,"duration":10,"tweenEasing":0},{"y":43.5484,"duration":4,"tweenEasing":0},{"y":-145.1532,"duration":3,"tweenEasing":0},{"y":-261.2515,"duration":4,"tweenEasing":0},{"y":-522.8636,"duration":4,"tweenEasing":0},{"y":-1079.1532,"duration":2,"tweenEasing":0},{"y":-1079.1532,"duration":6,"tweenEasing":0},{"y":-63.4032,"duration":6,"tweenEasing":0},{"y":-1079.1532,"duration":5,"tweenEasing":0},{"y":-63.4032,"duration":4}],"name":"light_s"},{"rotateFrame":[],"scaleFrame":[],"translateFrame":[{"duration":2},{"y":54.3936,"duration":23,"curve":[0.5,0,1,1]},{"y":-890.2435,"duration":3,"curve":[0.5,0,1,1]},{"y":-1008.6709,"duration":20}],"name":"light_b"},{"rotateFrame":[],"scaleFrame":[],"translateFrame":[],"name":"pointlight_2"},{"rotateFrame":[],"scaleFrame":[],"translateFrame":[{"duration":48},{"duration":0}],"name":"cloth1"},{"rotateFrame":[],"scaleFrame":[],"translateFrame":[],"name":"leg_l"},{"rotateFrame":[],"scaleFrame":[],"translateFrame":[],"name":"leg_r"},{"rotateFrame":[],"scaleFrame":[],"translateFrame":[],"name":"body"},{"rotateFrame":[],"scaleFrame":[],"translateFrame":[],"name":"arm_r"},{"rotateFrame":[],"scaleFrame":[],"translateFrame":[],"name":"arm_l"},{"rotateFrame":[],"scaleFrame":[],"translateFrame":[],"name":"neck"},{"rotateFrame":[],"scaleFrame":[],"translateFrame":[],"name":"head_0"},{"rotateFrame":[],"scaleFrame":[],"translateFrame":[],"name":"eye_0"},{"rotateFrame":[],"scaleFrame":[],"translateFrame":[],"name":"mouth"},{"rotateFrame":[],"scaleFrame":[],"translateFrame":[],"name":"hair_15"}],"duration":48,"frame":[],"ffd":[{"slot":"light_b","skin":"","frame":[{"vertices":[],"duration":6,"tweenEasing":null,"offset":0},{"vertices":[-6.1,17.2,-6.1,17.2,0,0,0,0,11.2,36.7,-1.35,46.95,-1.35,46.95,-11.05,-5.8,-6.25,-28.35,-1,26.5,-1,26.5,5,-12.75,5,-12.75,1,-27.3,1,-27.3,0,16.2,0,16.2,-2,-10.15,-2,-10.15,0,0,0,0,0,0,7.05,-28.3,7.05,-28.3,1,15.2,1,15.2,0,0],"duration":2,"offset":10,"curve":[0.5,0,1,1]},{"vertices":[-2.05,-14.2,-2.05,-14.2,7.35,25.3,7.65,11.35,-8.05,28.9,-6.4,25.65,-6.4,25.65,-14.7,21.1,-9.7,27.75,-2.65,58.45,0.5,45.15,6.6,15.15,5,-12.75,-0.95,-46.5,10.45,-5.55,9.75,30.9,-1.1,30.75,-8.4,7.2,-9.6,-10.25,-1.05,-36.45,-1.05,-36.45,0.2,-20.55,-2.05,-7.05,-2.05,-7.05,0,-25.3,0,-25.3,0,0],"duration":2,"offset":10,"curve":[0.5,0,1,1]},{"vertices":[-6.1,17.2,-6.1,17.2,0,0,0,0,11.2,36.7,-1.35,46.95,-1.35,46.95,-11.05,-5.8,-6.25,-28.35,-1,26.5,-1,26.5,5,-12.75,5,-12.75,1,-27.3,1,-27.3,0,16.2,0,16.2,-2,-10.15,-2,-10.15,0,0,0,0,0,0,7.05,-28.3,7.05,-28.3,1,15.2,1,15.2,0,0],"duration":2,"offset":10,"curve":[0.5,0,1,1]},{"vertices":[-2.05,-14.2,-2.05,-14.2,7.35,25.3,7.65,11.35,-8.05,28.9,-6.4,25.65,-6.4,25.65,-14.7,21.1,-9.7,27.75,-2.65,58.45,0.5,45.15,6.6,15.15,5,-12.75,-0.95,-46.5,10.45,-5.55,9.75,30.9,-1.1,30.75,-8.4,7.2,-9.6,-10.25,-1.05,-36.45,-1.05,-36.45,0.2,-20.55,-2.05,-7.05,-2.05,-7.05,0,-25.3,0,-25.3,0,0],"duration":2,"offset":10,"curve":[0.5,0,1,1]},{"vertices":[-6.1,17.2,-6.1,17.2,0,0,0,0,11.2,36.7,-1.35,46.95,-1.35,46.95,-11.05,-5.8,-6.25,-28.35,-1,26.5,-1,26.5,5,-12.75,5,-12.75,1,-27.3,1,-27.3,0,16.2,0,16.2,-2,-10.15,-2,-10.15,0,0,0,0,0,0,7.05,-28.3,7.05,-28.3,1,15.2,1,15.2,0,0],"duration":3,"offset":10,"curve":[0.5,0,1,1]},{"vertices":[-2.05,-14.2,-2.05,-14.2,7.35,25.3,7.65,11.35,-8.05,28.9,-6.4,25.65,-6.4,25.65,-14.7,21.1,-9.7,27.75,-2.65,58.45,0.5,45.15,6.6,15.15,5,-12.75,-0.95,-46.5,10.45,-5.55,9.75,30.9,-1.1,30.75,-8.4,7.2,-9.6,-10.25,-1.05,-36.45,-1.05,-36.45,0.2,-20.55,-2.05,-7.05,-2.05,-7.05,0,-25.3,0,-25.3,0,0],"duration":2,"offset":10,"curve":[0.5,0,1,1]},{"vertices":[-6.1,17.2,-6.1,17.2,0,0,0,0,11.2,36.7,-1.35,46.95,-1.35,46.95,-11.05,-5.8,-6.25,-28.35,-1,26.5,-1,26.5,5,-12.75,5,-12.75,1,-27.3,1,-27.3,0,16.2,0,16.2,-2,-10.15,-2,-10.15,0,0,0,0,0,0,7.05,-28.3,7.05,-28.3,1,15.2,1,15.2,0,0],"duration":2,"offset":10,"curve":[0.5,0,1,1]},{"vertices":[-2.05,-14.2,-2.05,-14.2,7.35,25.3,7.65,11.35,-8.05,28.9,-6.4,25.65,-6.4,25.65,-14.7,21.1,-9.7,27.75,-2.65,58.45,0.5,45.15,6.6,15.15,5,-12.75,-0.95,-46.5,10.45,-5.55,9.75,30.9,-1.1,30.75,-8.4,7.2,-9.6,-10.25,-1.05,-36.45,-1.05,-36.45,0.2,-20.55,-2.05,-7.05,-2.05,-7.05,0,-25.3,0,-25.3,0,0],"duration":2,"offset":10,"curve":[0.5,0,1,1]},{"vertices":[-6.1,17.2,-6.1,17.2,0,0,0,0,11.2,36.7,-1.35,46.95,-1.35,46.95,-11.05,-5.8,-6.25,-28.35,-1,26.5,-1,26.5,5,-12.75,5,-12.75,1,-27.3,1,-27.3,0,16.2,0,16.2,-2,-10.15,-2,-10.15,0,0,0,0,0,0,7.05,-28.3,7.05,-28.3,1,15.2,1,15.2,0,0],"duration":2,"offset":10,"curve":[0.5,0,1,1]},{"vertices":[-2.05,-14.2,-2.05,-14.2,7.35,25.3,7.65,11.35,-8.05,28.9,-6.4,25.65,-6.4,25.65,-14.7,21.1,-9.7,27.75,-2.65,58.45,0.5,45.15,6.6,15.15,5,-12.75,-0.95,-46.5,10.45,-5.55,9.75,30.9,-1.1,30.75,-8.4,7.2,-9.6,-10.25,-1.05,-36.45,-1.05,-36.45,0.2,-20.55,-2.05,-7.05,-2.05,-7.05,0,-25.3,0,-25.3,0,0],"duration":23,"tweenEasing":null,"offset":10}],"scale":1,"name":"light_0","offset":0},{"slot":"light_s","skin":"","frame":[{"vertices":[],"duration":2,"tweenEasing":null,"offset":0},{"vertices":[4.7,32.8,4.7,32.8,0,-21.55,0,-21.55,-6.4,30.75,-6.4,30.75,0,0,0,0,0,24.55,0,24.55,3.5,-19.9,3.5,-19.9,0,24.55,0,24.55,0,0],"duration":2,"tweenEasing":0,"offset":10},{"vertices":[16.4,-3.45,16.4,-3.45,-22.3,-7.5,2.3,-15.7,-1.95,-8.65,17.05,-1,0,0,0,0,10.55,-11.75,10.5,-14.05,9.3,-19.85,-0.05,-14.4,-22.4,-38.55,16.4,-42.2,0,0],"duration":2,"tweenEasing":0,"offset":10},{"vertices":[12.9,5.9,47.45,9.75,12.9,40.55,3.55,42.4,7.7,59.85,-27.35,10.1,0,0,0,0,32.2,-1.3,32.15,23.5,-5.2,35,13.45,21.8,5.85,-15.25,5.85,-15.25,0,0],"duration":2,"tweenEasing":0,"offset":10},{"vertices":[4.7,32.8,4.7,32.8,0,-21.55,0,-21.55,-6.4,30.75,-6.4,30.75,0,0,0,0,0,24.55,0,24.55,3.5,-19.9,3.5,-19.9,0,24.55,0,24.55,0,0],"duration":2,"tweenEasing":0,"offset":10},{"vertices":[16.4,-3.45,16.4,-3.45,-22.3,-7.5,2.3,-15.7,-1.95,-8.65,17.05,-1,0,0,0,0,10.55,-11.75,10.5,-14.05,9.3,-19.85,-0.05,-14.4,-22.4,-38.55,16.4,-42.2,0,0],"duration":2,"tweenEasing":0,"offset":10},{"vertices":[12.9,5.9,47.45,9.75,12.9,40.55,3.55,42.4,7.7,59.85,-27.35,10.1,0,0,0,0,32.2,-1.3,32.15,23.5,-5.2,35,13.45,21.8,5.85,-15.25,5.85,-15.25,0,0],"duration":2,"tweenEasing":0,"offset":10},{"vertices":[4.7,32.8,4.7,32.8,0,-21.55,0,-21.55,-6.4,30.75,-6.4,30.75,0,0,0,0,0,24.55,0,24.55,3.5,-19.9,3.5,-19.9,0,24.55,0,24.55,0,0],"duration":2,"tweenEasing":0,"offset":10},{"vertices":[16.4,-3.45,16.4,-3.45,-22.3,-7.5,2.3,-15.7,-1.95,-8.65,17.05,-1,0,0,0,0,10.55,-11.75,10.5,-14.05,9.3,-19.85,-0.05,-14.4,-22.4,-38.55,16.4,-42.2,0,0],"duration":2,"tweenEasing":0,"offset":10},{"vertices":[12.9,5.9,47.45,9.75,12.9,40.55,3.55,42.4,7.7,59.85,-27.35,10.1,0,0,0,0,32.2,-1.3,32.15,23.5,-5.2,35,13.45,21.8,5.85,-15.25,5.85,-15.25,0,0],"duration":2,"tweenEasing":0,"offset":10},{"vertices":[4.7,32.8,4.7,32.8,0,-21.55,0,-21.55,-6.4,30.75,-6.4,30.75,0,0,0,0,0,24.55,0,24.55,3.5,-19.9,3.5,-19.9,0,24.55,0,24.55,0,0],"duration":2,"tweenEasing":0,"offset":10},{"vertices":[16.4,-3.45,16.4,-3.45,-22.3,-7.5,2.3,-15.7,-1.95,-8.65,17.05,-1,0,0,0,0,10.55,-11.75,10.5,-14.05,9.3,-19.85,-0.05,-14.4,-22.4,-38.55,16.4,-42.2,0,0],"duration":2,"tweenEasing":0,"offset":10},{"vertices":[12.9,5.9,47.45,9.75,12.9,40.55,3.55,42.4,7.7,59.85,-27.35,10.1,0,0,0,0,32.2,-1.3,32.15,23.5,-5.2,35,13.45,21.8,5.85,-15.25,5.85,-15.25,0,0],"duration":24,"tweenEasing":null,"offset":10}],"scale":1,"name":"light","offset":0}],"name":"chuguo","playTimes":0},{"slot":[{"colorFrame":[],"displayFrame":[],"name":"arm_l"},{"colorFrame":[],"displayFrame":[],"name":"leg_l"},{"colorFrame":[],"displayFrame":[],"name":"leg_r"},{"colorFrame":[],"displayFrame":[],"name":"body"},{"colorFrame":[],"displayFrame":[],"name":"cloth"},{"colorFrame":[],"displayFrame":[],"name":"arm_r"},{"colorFrame":[],"displayFrame":[],"name":"neck"},{"colorFrame":[],"displayFrame":[],"name":"head_0"},{"colorFrame":[],"displayFrame":[],"name":"hair_15"},{"colorFrame":[],"displayFrame":[],"name":"eye_0"},{"colorFrame":[],"displayFrame":[],"name":"mouth_0"},{"colorFrame":[],"displayFrame":[{"value":-1,"duration":24}],"name":"light_s"},{"colorFrame":[],"displayFrame":[{"value":-1,"duration":24}],"name":"light_b"},{"colorFrame":[],"displayFrame":[{"value":-1,"duration":24}],"name":"pointlight"},{"colorFrame":[],"displayFrame":[{"value":-1,"duration":24}],"name":"pointlight_0"},{"colorFrame":[],"displayFrame":[{"value":-1,"duration":24}],"name":"pointlight_1"}],"bone":[{"rotateFrame":[],"scaleFrame":[],"translateFrame":[],"name":"root"},{"rotateFrame":[],"scaleFrame":[],"translateFrame":[],"name":"cloth"},{"rotateFrame":[],"scaleFrame":[],"translateFrame":[],"name":"pointlight_1"},{"rotateFrame":[],"scaleFrame":[],"translateFrame":[],"name":"pointlight"},{"rotateFrame":[],"scaleFrame":[],"translateFrame":[],"name":"light_s"},{"rotateFrame":[],"scaleFrame":[],"translateFrame":[],"name":"light_b"},{"rotateFrame":[],"scaleFrame":[],"translateFrame":[],"name":"pointlight_2"},{"rotateFrame":[],"scaleFrame":[],"translateFrame":[],"name":"cloth1"},{"rotateFrame":[],"scaleFrame":[],"translateFrame":[{"duration":6,"tweenEasing":0},{"y":0.1194,"duration":6,"tweenEasing":0,"x":12.0962},{"duration":12}],"name":"leg_l"},{"rotateFrame":[],"scaleFrame":[],"translateFrame":[{"duration":12,"tweenEasing":0},{"duration":6,"tweenEasing":0},{"y":0.1743,"duration":6,"tweenEasing":0,"x":17.6604},{"duration":0}],"name":"leg_r"},{"rotateFrame":[{"rotate":5.4205,"duration":12,"tweenEasing":0},{"rotate":-1.5094,"duration":12,"tweenEasing":0},{"rotate":5.4205,"duration":0}],"scaleFrame":[],"translateFrame":[],"name":"body"},{"rotateFrame":[{"rotate":-4.0948,"duration":12,"tweenEasing":0},{"rotate":-7.7999,"duration":12,"tweenEasing":0},{"rotate":-4.0948,"duration":0}],"scaleFrame":[],"translateFrame":[],"name":"arm_r"},{"rotateFrame":[{"duration":12,"tweenEasing":0},{"rotate":5.8239,"duration":12,"tweenEasing":0},{"duration":0}],"scaleFrame":[],"translateFrame":[],"name":"arm_l"},{"rotateFrame":[{"rotate":-7.0016,"duration":12,"tweenEasing":0},{"rotate":4.5596,"duration":12,"tweenEasing":0},{"rotate":-7.0016,"duration":0}],"scaleFrame":[],"translateFrame":[],"name":"neck"},{"rotateFrame":[{"duration":24}],"scaleFrame":[],"translateFrame":[{"duration":12,"tweenEasing":0},{"y":-0.0624,"duration":12,"tweenEasing":0,"x":-5.209},{"duration":0}],"name":"head_0"},{"rotateFrame":[],"scaleFrame":[],"translateFrame":[],"name":"eye_0"},{"rotateFrame":[],"scaleFrame":[],"translateFrame":[],"name":"mouth"},{"rotateFrame":[],"scaleFrame":[],"translateFrame":[],"name":"hair_15"}],"duration":24,"frame":[],"ffd":[],"name":"daiding","playTimes":0}],"aabb":{"x":-461.2202168257362,"y":-564.0000000000002,"width":928.167252238142,"height":1325.2043415690528}}],"name":"boy","isGlobal":0}