{"height":4096,"imagePath":"boy_tex.png","name":"boy","SubTexture":[{"x":1311,"y":1647,"width":107,"name":"arm_l","height":497},{"x":1052,"y":2025,"width":149,"name":"leg_l_4","height":354},{"x":1160,"y":1647,"width":149,"name":"leg_r_9","height":376},{"x":94,"y":2709,"width":126,"name":"body_0","height":236},{"x":725,"y":3287,"width":137,"name":"cloth","height":161},{"x":783,"y":1790,"width":106,"name":"arm_r_4","height":493},{"x":766,"y":644,"width":66,"name":"neck_0","height":40},{"x":1776,"y":1,"width":257,"name":"head","height":339},{"x":1511,"y":401,"width":302,"name":"hair_1","height":298},{"x":766,"y":572,"width":131,"name":"eye_1","height":70},{"x":895,"y":1389,"width":23,"name":"mouth_1","height":32},{"x":903,"y":1,"width":871,"name":"light","height":398},{"x":1,"y":1,"width":900,"name":"light_0","height":490},{"x":1200,"y":2711,"width":207,"name":"pointlight","height":222},{"x":1436,"y":1168,"width":250,"name":"pointlight_0","height":247},{"x":1708,"y":1547,"width":270,"name":"pointlight_1","height":206},{"x":1443,"y":1417,"width":137,"name":"eye","height":91},{"x":93,"y":2947,"width":90,"name":"arm_l_12","height":324},{"x":1,"y":793,"width":288,"name":"hair_14","height":256},{"x":1636,"y":701,"width":155,"name":"leg_l_0","height":465},{"x":417,"y":1551,"width":96,"name":"arm_r_3","height":255},{"x":417,"y":1830,"width":100,"name":"arm_l_10","height":426},{"x":674,"y":1790,"width":107,"name":"arm_r","height":493},{"x":1463,"y":2198,"width":100,"name":"arm_l_0","height":426},{"x":1150,"y":2683,"width":43,"name":"mouth_3","height":23},{"x":1178,"y":1210,"width":150,"name":"leg_l_11","height":158},{"x":368,"y":2535,"width":148,"name":"leg_l_6","height":275},{"x":573,"y":3280,"width":150,"name":"leg_l_8","height":158},{"x":1195,"y":2683,"width":44,"name":"mouth","height":22},{"x":891,"y":3029,"width":155,"name":"leg_r_3","height":333},{"x":1,"y":2255,"width":100,"name":"arm_r_12","height":326},{"x":1346,"y":701,"width":288,"name":"hair_11","height":256},{"x":581,"y":1003,"width":155,"name":"leg_r_1","height":426},{"x":1181,"y":959,"width":253,"name":"head_1","height":249},{"x":923,"y":959,"width":256,"name":"hair_6","height":248},{"x":368,"y":2258,"width":148,"name":"左脚_0","height":275},{"x":1952,"y":1483,"width":88,"name":"neck","height":40},{"x":895,"y":1690,"width":155,"name":"leg_l_3","height":345},{"x":891,"y":2037,"width":105,"name":"arm_l_4","height":494},{"x":291,"y":793,"width":288,"name":"hair_13","height":256},{"x":222,"y":2727,"width":126,"name":"body_1","height":236},{"x":1052,"y":1690,"width":101,"name":"arm_r_2","height":329},{"x":519,"y":1830,"width":101,"name":"arm_r_10","height":419},{"x":1,"y":1551,"width":263,"name":"hair_15","height":228},{"x":1463,"y":1777,"width":103,"name":"arm_r_0","height":419},{"x":726,"y":3043,"width":150,"name":"leg_l_10","height":242},{"x":1311,"y":2440,"width":149,"name":"leg_r_12","height":266},{"x":1793,"y":852,"width":155,"name":"leg_r_0","height":461},{"x":517,"y":1431,"width":155,"name":"leg_r_2","height":397},{"x":1436,"y":959,"width":150,"name":"leg_r_8","height":161},{"x":1311,"y":2146,"width":150,"name":"leg_r_6","height":292},{"x":1815,"y":342,"width":155,"name":"leg_l","height":508},{"x":1,"y":2912,"width":90,"name":"arm_l_7","height":324},{"x":1688,"y":1315,"width":262,"name":"hair","height":230},{"x":622,"y":2909,"width":102,"name":"arm_r_6","height":369},{"x":103,"y":2381,"width":100,"name":"arm_r_7","height":326},{"x":1950,"y":852,"width":95,"name":"arm_l_1","height":371},{"x":250,"y":2357,"width":95,"name":"arm_l_6","height":368},{"x":185,"y":2965,"width":81,"name":"arm_l_8","height":249},{"x":766,"y":701,"width":288,"name":"hair_12","height":256},{"x":1409,"y":2711,"width":148,"name":"左脚","height":310},{"x":266,"y":1929,"width":100,"name":"arm_l_5","height":426},{"x":1150,"y":2520,"width":150,"name":"leg_r_13","height":161},{"x":185,"y":3216,"width":81,"name":"arm_l_13","height":249},{"x":766,"y":493,"width":124,"name":"mouth_2","height":77},{"x":895,"y":1460,"width":263,"name":"hair_16","height":228},{"x":1048,"y":3041,"width":150,"name":"leg_r_11","height":292},{"x":1,"y":1051,"width":256,"name":"hair_8","height":248},{"x":674,"y":2285,"width":149,"name":"leg_l_9","height":354},{"x":1056,"y":701,"width":288,"name":"hair_10","height":256},{"x":923,"y":1209,"width":253,"name":"head_0","height":249},{"x":895,"y":1423,"width":24,"name":"mouth_0","height":21},{"x":1,"y":3238,"width":80,"name":"arm_l_3","height":253},{"x":266,"y":1551,"width":149,"name":"leg_r_4","height":376},{"x":1462,"y":2626,"width":131,"name":"eye_0","height":63},{"x":1443,"y":1547,"width":263,"name":"hair_18","height":228},{"x":1200,"y":2935,"width":148,"name":"leg_l_5","height":310},{"x":1048,"y":2711,"width":150,"name":"leg_r_5","height":328},{"x":766,"y":959,"width":155,"name":"leg_l_1","height":428},{"x":476,"y":3043,"width":95,"name":"arm_r_13","height":256},{"x":834,"y":644,"width":66,"name":"neck_1","height":40},{"x":259,"y":1051,"width":256,"name":"hair_7","height":248},{"x":738,"y":1389,"width":155,"name":"leg_l_2","height":399},{"x":519,"y":2251,"width":101,"name":"arm_r_5","height":419},{"x":622,"y":2641,"width":149,"name":"leg_r_7","height":266},{"x":609,"y":493,"width":155,"name":"leg_r","height":508},{"x":1178,"y":1417,"width":263,"name":"hair_19","height":228},{"x":1,"y":2011,"width":150,"name":"leg_l_7","height":242},{"x":153,"y":2011,"width":95,"name":"arm_l_11","height":368},{"x":1,"y":1781,"width":263,"name":"hair_17","height":228},{"x":1,"y":1301,"width":256,"name":"hair_9","height":248},{"x":350,"y":2812,"width":124,"name":"body","height":231},{"x":259,"y":1301,"width":256,"name":"hair_5","height":248},{"x":1952,"y":1225,"width":95,"name":"arm_r_8","height":256},{"x":518,"y":2672,"width":102,"name":"arm_r_11","height":369},{"x":773,"y":2641,"width":103,"name":"arm_r_1","height":369},{"x":1,"y":2583,"width":91,"name":"arm_l_2","height":327},{"x":1203,"y":2025,"width":106,"name":"arm_r_9","height":493},{"x":998,"y":2381,"width":150,"name":"leg_r_10","height":328},{"x":891,"y":2533,"width":105,"name":"arm_l_9","height":494},{"x":305,"y":493,"width":302,"name":"hair_3","height":298},{"x":903,"y":401,"width":302,"name":"hair_2","height":298},{"x":1207,"y":401,"width":302,"name":"hair_0","height":298},{"x":1,"y":493,"width":302,"name":"hair_4","height":298}],"width":2048}