{"frameRate":24,"name":"clock","version":"5.5","compatibleVersion":"5.5","armature":[{"type":"Armature","frameRate":24,"name":"clock","aabb":{"x":-19.11,"y":-31.09,"width":39,"height":50},"bone":[{"name":"root"},{"length":10.5,"name":"clock","parent":"root","transform":{"y":0.2,"skX":-89.0844,"skY":-89.0844}}],"slot":[{"name":"clock","parent":"root"},{"name":"clock_1","parent":"clock"}],"skin":[{"slot":[{"name":"clock_1","display":[{"name":"clock_1","transform":{"x":6.17,"y":-0.1,"skX":89.08,"skY":89.08}}]},{"name":"clock","display":[{"name":"clock","transform":{"x":0.39,"y":-6.09}}]}]}],"animation":[{"duration":24,"playTimes":0,"name":"clock","bone":[{"name":"clock","rotateFrame":[{"duration":12,"tweenEasing":0,"rotate":-88.81},{"duration":6,"tweenEasing":0,"rotate":87.35},{"duration":6,"tweenEasing":0,"rotate":-178.88},{"duration":0,"rotate":-88.81}]}]}],"defaultActions":[{"gotoAndPlay":"clock"}]}]}