{"frameRate":24,"name":"fatty_boy","version":"5.5","compatibleVersion":"5.5","armature":[{"type":"Armature","frameRate":24,"name":"fatty_boy","aabb":{"x":-109.83,"y":-565.33,"width":223.71,"height":587.74},"bone":[{"name":"root"},{"length":133.5,"name":"body","parent":"root","transform":{"x":26.9575,"y":-239.93445,"skX":-94.1039,"skY":-94.1039}},{"length":146.5,"name":"arm_l","parent":"body","transform":{"x":146.41735,"y":32.554,"skX":161.61,"skY":161.61}},{"length":21,"name":"neck","parent":"body","transform":{"x":133.14475,"y":-0.0465,"skX":0.6419,"skY":0.6419}},{"length":56,"name":"cloth_l","parent":"body","transform":{"x":-8.378,"y":25.44755,"skX":-173.2981,"skY":-173.2981}},{"length":62.5,"name":"cloth_r","parent":"body","transform":{"x":-1.3086,"y":-55.99385,"skX":-171.2,"skY":-171.2}},{"length":163.5,"name":"arm_r","parent":"body","transform":{"x":145.5296,"y":-57.09085,"skX":-162,"skY":-162}},{"length":166,"name":"leg_r","parent":"cloth_r","transform":{"x":71.114,"y":-5.39625,"skX":4.25,"skY":4.25}},{"length":50,"name":"head","parent":"neck","transform":{"x":21.76235,"y":0.03925,"skX":-1.6727,"skY":-1.6727}},{"length":145,"name":"leg_l","parent":"cloth_l","transform":{"x":84.2086,"y":-11.00475,"skX":7.85,"skY":7.85}},{"length":32,"name":"mouth","parent":"head","transform":{"x":47.3468,"y":1.04165,"skX":140.9559,"skY":140.9559}},{"length":74.5,"name":"hair","parent":"head","transform":{"x":47.91335,"y":1.7201,"skX":-17.9334,"skY":-17.9334}},{"length":26.5,"name":"eye","parent":"head","transform":{"x":48.0834,"y":-0.1723,"skX":59.9042,"skY":59.9042}}],"slot":[{"displayIndex":2,"name":"arm_l","parent":"arm_l"},{"name":"leg_l","parent":"leg_l"},{"name":"cloth_l","parent":"cloth_l"},{"name":"leg_r","parent":"leg_r"},{"name":"cloth_r","parent":"cloth_r"},{"name":"body","parent":"body"},{"name":"cloth","parent":"body"},{"displayIndex":4,"name":"neck","parent":"neck"},{"displayIndex":2,"name":"arm_r","parent":"arm_r"},{"displayIndex":2,"name":"head","parent":"head"},{"name":"mouth","parent":"mouth"},{"displayIndex":2,"name":"eye","parent":"eye"},{"displayIndex":97,"name":"hair","parent":"hair"}],"skin":[{"slot":[{"name":"head","display":[{"name":"headw","transform":{"x":53.28,"y":-7.69,"skX":95.13,"skY":95.13}},{"name":"heady","transform":{"x":53.28,"y":-7.69,"skX":95.13,"skY":95.13}},{"name":"headr","transform":{"x":47.55,"y":-8.2,"skX":95.13,"skY":95.13}},{"name":"headb","transform":{"x":53.28,"y":-7.69,"skX":95.13,"skY":95.13}},{"name":"headp","transform":{"x":53.28,"y":-7.69,"skX":95.13,"skY":95.13}}]},{"name":"eye","display":[{"name":"eye_middle","transform":{"x":9.39,"y":-12.34,"skX":35.23,"skY":35.23}},{"name":"eye_small","transform":{"x":10.64,"y":-12.38,"skX":35.23,"skY":35.23}},{"name":"eye_big","transform":{"x":7.8,"y":-10.1,"skX":35.23,"skY":35.23}}]},{"name":"arm_r","display":[{"name":"arm_rw","transform":{"x":89.81,"y":6.28,"skX":-102.63,"skY":-102.63}},{"name":"arm_rb","transform":{"x":91.71,"y":8.29,"skX":-102.63,"skY":-102.63}},{"name":"arm_rr","transform":{"x":89.94,"y":7.29,"skX":-102.63,"skY":-102.63}},{"name":"arm_ry","transform":{"x":89.06,"y":6.79,"skX":-102.63,"skY":-102.63}},{"name":"arm_rp","transform":{"x":88.63,"y":7.34,"skX":-102.63,"skY":-102.63}}]},{"name":"hair","display":[{"name":"hair_bingle5w","transform":{"x":34.58,"y":4.29,"skX":113.07,"skY":113.07}},{"name":"hair_bingle1r","transform":{"x":34.58,"y":4.29,"skX":113.07,"skY":113.07}},{"name":"hair_bingle3r","transform":{"x":34.58,"y":4.29,"skX":113.07,"skY":113.07}},{"name":"hair_bingle5r","transform":{"x":34.58,"y":4.29,"skX":113.07,"skY":113.07}},{"name":"hair_curly2r","transform":{"x":30.79,"y":-2.76,"skX":113.07,"skY":113.07}},{"name":"hair_curly4r","transform":{"x":30.79,"y":-2.76,"skX":113.07,"skY":113.07}},{"name":"hair_pot1r","transform":{"x":58.83,"y":14.35,"skX":113.07,"skY":113.07}},{"name":"hair_pot3r","transform":{"x":58.83,"y":14.35,"skX":113.07,"skY":113.07}},{"name":"hair_pot5r","transform":{"x":58.83,"y":14.35,"skX":113.07,"skY":113.07}},{"name":"hair_no2r","transform":{"x":65.71,"y":5.86,"skX":113.07,"skY":113.07}},{"name":"hair_no4r","transform":{"x":65.71,"y":5.86,"skX":113.07,"skY":113.07}},{"name":"hair_bingle1y","transform":{"x":34.58,"y":4.29,"skX":113.07,"skY":113.07}},{"name":"hair_bingle3y","transform":{"x":34.58,"y":4.29,"skX":113.07,"skY":113.07}},{"name":"hair_bingle5y","transform":{"x":34.58,"y":4.29,"skX":113.07,"skY":113.07}},{"name":"hair_curly2y","transform":{"x":30.79,"y":-2.76,"skX":113.07,"skY":113.07}},{"name":"hair_curly4y","transform":{"x":30.79,"y":-2.76,"skX":113.07,"skY":113.07}},{"name":"hair_no4y","transform":{"x":65.71,"y":5.86,"skX":113.07,"skY":113.07}},{"name":"hair_no2y","transform":{"x":65.71,"y":5.86,"skX":113.07,"skY":113.07}},{"name":"hair_bingle1p","transform":{"x":34.58,"y":4.29,"skX":113.07,"skY":113.07}},{"name":"hair_bingle3p","transform":{"x":34.58,"y":4.29,"skX":113.07,"skY":113.07}},{"name":"hair_bingle5p","transform":{"x":34.58,"y":4.29,"skX":113.07,"skY":113.07}},{"name":"hair_curly2p","transform":{"x":30.79,"y":-2.76,"skX":113.07,"skY":113.07}},{"name":"hair_curly4p","transform":{"x":30.79,"y":-2.76,"skX":113.07,"skY":113.07}},{"name":"hair_pot1p","transform":{"x":58.83,"y":14.35,"skX":113.07,"skY":113.07}},{"name":"hair_pot3p","transform":{"x":58.83,"y":14.35,"skX":113.07,"skY":113.07}},{"name":"hair_pot5p","transform":{"x":58.83,"y":14.35,"skX":113.07,"skY":113.07}},{"name":"hair_no2p","transform":{"x":65.71,"y":5.86,"skX":113.07,"skY":113.07}},{"name":"hair_no4p","transform":{"x":65.71,"y":5.86,"skX":113.07,"skY":113.07}},{"name":"hair_bingle1b","transform":{"x":34.58,"y":4.29,"skX":113.07,"skY":113.07}},{"name":"hair_bingle3b","transform":{"x":34.58,"y":4.29,"skX":113.07,"skY":113.07}},{"name":"hair_bingle5b","transform":{"x":34.58,"y":4.29,"skX":113.07,"skY":113.07}},{"name":"hair_curly2b","transform":{"x":30.79,"y":-2.76,"skX":113.07,"skY":113.07}},{"name":"hair_curly4b","transform":{"x":30.79,"y":-2.76,"skX":113.07,"skY":113.07}},{"name":"hair_pot1b","transform":{"x":58.83,"y":14.35,"skX":113.07,"skY":113.07}},{"name":"hair_pot3b","transform":{"x":58.83,"y":14.35,"skX":113.07,"skY":113.07}},{"name":"hair_pot5b","transform":{"x":58.83,"y":14.35,"skX":113.07,"skY":113.07}},{"name":"hair_no2b","transform":{"x":65.71,"y":5.86,"skX":113.07,"skY":113.07}},{"name":"hair_no4b","transform":{"x":65.71,"y":5.86,"skX":113.07,"skY":113.07}},{"name":"hair_bingle1w","transform":{"x":34.58,"y":4.29,"skX":113.07,"skY":113.07}},{"name":"hair_bingle3w","transform":{"x":34.58,"y":4.29,"skX":113.07,"skY":113.07}},{"name":"hair_curly2w","transform":{"x":30.79,"y":-2.76,"skX":113.07,"skY":113.07}},{"name":"hair_curly4w","transform":{"x":30.79,"y":-2.76,"skX":113.07,"skY":113.07}},{"name":"hair_pot1w","transform":{"x":58.83,"y":14.35,"skX":113.07,"skY":113.07}},{"name":"hair_pot3w","transform":{"x":58.83,"y":14.35,"skX":113.07,"skY":113.07}},{"name":"hair_pot5w","transform":{"x":57.45,"y":13.76,"skX":113.07,"skY":113.07}},{"name":"hair_no2w","transform":{"x":65.71,"y":5.86,"skX":113.07,"skY":113.07}},{"name":"hair_no4w","transform":{"x":65.71,"y":5.86,"skX":113.07,"skY":113.07}},{"name":"hair_no5w","transform":{"x":65.51,"y":6.32,"skX":113.07,"skY":113.07}},{"name":"hair_no3w","transform":{"x":65.71,"y":5.86,"skX":113.07,"skY":113.07}},{"name":"hair_no1w","transform":{"x":65.71,"y":5.86,"skX":113.07,"skY":113.07}},{"name":"hair_pot2w","transform":{"x":58.83,"y":14.35,"skX":113.07,"skY":113.07}},{"name":"hair_curly5w","transform":{"x":30.79,"y":-2.76,"skX":113.07,"skY":113.07}},{"name":"hair_curly3w","transform":{"x":30.79,"y":-2.76,"skX":113.07,"skY":113.07}},{"name":"hair_curly1w","transform":{"x":30.79,"y":-2.76,"skX":113.07,"skY":113.07}},{"name":"hair_bingle4w","transform":{"x":34.58,"y":4.29,"skX":113.07,"skY":113.07}},{"name":"hair_bingle2w","transform":{"x":34.58,"y":4.29,"skX":113.07,"skY":113.07}},{"name":"hair_no5b","transform":{"x":65.71,"y":5.86,"skX":113.07,"skY":113.07}},{"name":"hair_no3b","transform":{"x":65.71,"y":5.86,"skX":113.07,"skY":113.07}},{"name":"hair_no1b","transform":{"x":65.71,"y":5.86,"skX":113.07,"skY":113.07}},{"name":"hair_pot4b","transform":{"x":58.83,"y":14.35,"skX":113.07,"skY":113.07}},{"name":"hair_pot2b","transform":{"x":58.83,"y":14.35,"skX":113.07,"skY":113.07}},{"name":"hair_curly5b","transform":{"x":30.79,"y":-2.76,"skX":113.07,"skY":113.07}},{"name":"hair_curly3b","transform":{"x":30.79,"y":-2.76,"skX":113.07,"skY":113.07}},{"name":"hair_curly1b","transform":{"x":30.79,"y":-2.76,"skX":113.07,"skY":113.07}},{"name":"hair_bingle4b","transform":{"x":34.58,"y":4.29,"skX":113.07,"skY":113.07}},{"name":"hair_bingle2b","transform":{"x":34.58,"y":4.29,"skX":113.07,"skY":113.07}},{"name":"hair_no5p","transform":{"x":65.71,"y":5.86,"skX":113.07,"skY":113.07}},{"name":"hair_no3p","transform":{"x":65.71,"y":5.86,"skX":113.07,"skY":113.07}},{"name":"hair_no1p","transform":{"x":65.71,"y":5.86,"skX":113.07,"skY":113.07}},{"name":"hair_pot4p","transform":{"x":58.83,"y":14.35,"skX":113.07,"skY":113.07}},{"name":"hair_pot2p","transform":{"x":58.83,"y":14.35,"skX":113.07,"skY":113.07}},{"name":"hair_curly5p","transform":{"x":30.79,"y":-2.76,"skX":113.07,"skY":113.07}},{"name":"hair_curly3p","transform":{"x":30.79,"y":-2.76,"skX":113.07,"skY":113.07}},{"name":"hair_curly1p","transform":{"x":30.79,"y":-2.76,"skX":113.07,"skY":113.07}},{"name":"hair_bingle4p","transform":{"x":34.58,"y":4.29,"skX":113.07,"skY":113.07}},{"name":"hair_bingle2p","transform":{"x":34.58,"y":4.29,"skX":113.07,"skY":113.07}},{"name":"hair_no1y","transform":{"x":65.71,"y":5.86,"skX":113.07,"skY":113.07}},{"name":"hair_no3y","transform":{"x":65.71,"y":5.86,"skX":113.07,"skY":113.07}},{"name":"hair_no5y","transform":{"x":65.71,"y":5.86,"skX":113.07,"skY":113.07}},{"name":"hair_curly5y","transform":{"x":30.79,"y":-2.76,"skX":113.07,"skY":113.07}},{"name":"hair_curly3y","transform":{"x":30.79,"y":-2.76,"skX":113.07,"skY":113.07}},{"name":"hair_curly1y","transform":{"x":30.79,"y":-2.76,"skX":113.07,"skY":113.07}},{"name":"hair_bingle4y","transform":{"x":34.58,"y":4.29,"skX":113.07,"skY":113.07}},{"name":"hair_bingle2y","transform":{"x":34.58,"y":4.29,"skX":113.07,"skY":113.07}},{"name":"hair_no5r","transform":{"x":65.71,"y":5.86,"skX":113.07,"skY":113.07}},{"name":"hair_no3r","transform":{"x":65.71,"y":5.86,"skX":113.07,"skY":113.07}},{"name":"hair_no1r","transform":{"x":65.71,"y":5.86,"skX":113.07,"skY":113.07}},{"name":"hair_pot4r","transform":{"x":58.83,"y":14.35,"skX":113.07,"skY":113.07}},{"name":"hair_pot2r","transform":{"x":58.83,"y":14.35,"skX":113.07,"skY":113.07}},{"name":"hair_curly5r","transform":{"x":30.79,"y":-2.76,"skX":113.07,"skY":113.07}},{"name":"hair_curly3r","transform":{"x":30.79,"y":-2.76,"skX":113.07,"skY":113.07}},{"name":"hair_curly1r","transform":{"x":30.79,"y":-2.76,"skX":113.07,"skY":113.07}},{"name":"hair_bingle4r","transform":{"x":34.58,"y":4.29,"skX":113.07,"skY":113.07}},{"name":"hair_bingle2r","transform":{"x":34.58,"y":4.29,"skX":113.07,"skY":113.07}},{"name":"hair_pot6b","transform":{"x":58.83,"y":14.35,"skX":113.07,"skY":113.07}},{"name":"hair_pot6r","transform":{"x":58.83,"y":14.35,"skX":113.07,"skY":113.07}},{"name":"hair_pot6p","transform":{"x":58.83,"y":14.35,"skX":113.07,"skY":113.07}},{"name":"hair_pot6w","transform":{"x":58.83,"y":14.35,"skX":113.07,"skY":113.07}},{"name":"hair_pot6y","transform":{"x":58.83,"y":14.35,"skX":113.07,"skY":113.07}}]},{"name":"mouth","display":[{"name":"mouth_W","transform":{"x":21.51,"y":13.2,"skX":-45.82,"skY":-45.82}},{"name":"mouth_3","transform":{"x":26.31,"y":14.72,"skX":-45.82,"skY":-45.82}},{"name":"mouth_V","transform":{"x":23.3,"y":14.59,"skX":-45.82,"skY":-45.82}},{"name":"mouth_bigsmile","transform":{"x":16.57,"y":13.98,"skX":-45.82,"skY":-45.82}},{"name":"mouth_smile","transform":{"x":20.99,"y":13.74,"skX":-45.82,"skY":-45.82}}]},{"name":"arm_l","display":[{"name":"arm_lb","transform":{"x":90.59,"y":6.74,"skX":-72.51,"skY":-72.51}},{"name":"arm_lp","transform":{"x":90.59,"y":6.74,"skX":-72.51,"skY":-72.51}},{"name":"arm_lr","transform":{"x":90.59,"y":6.74,"skX":-72.51,"skY":-72.51}},{"name":"arm_lw","transform":{"x":90.59,"y":6.74,"skX":-72.51,"skY":-72.51}},{"name":"arm_ly","transform":{"x":90.59,"y":6.74,"skX":-72.51,"skY":-72.51}}]},{"name":"leg_r","display":[{"name":"leg_rr","transform":{"x":81.75,"y":-15.8,"skX":-103.77,"skY":-103.77}},{"name":"leg_rb","transform":{"x":88.97,"y":-15.76,"skX":-103.77,"skY":-103.77}},{"name":"leg_rp","transform":{"x":88.97,"y":-15.77,"skX":-103.77,"skY":-103.77}},{"name":"leg_rw","transform":{"x":88.97,"y":-15.77,"skX":-103.77,"skY":-103.77}},{"name":"leg_ry","transform":{"x":88.97,"y":-15.77,"skX":-103.77,"skY":-103.77}}]},{"name":"body","display":[{"name":"bodyr","transform":{"x":31.34,"y":-12.06,"skX":94.1,"skY":94.1}},{"name":"bodyb","transform":{"x":31.36,"y":-12.31,"skX":94.1,"skY":94.1}},{"name":"bodyp","transform":{"x":31.36,"y":-12.31,"skX":94.1,"skY":94.1}},{"name":"bodyy","transform":{"x":31.36,"y":-12.31,"skX":94.1,"skY":94.1}},{"name":"bodyw","transform":{"x":31.36,"y":-12.31,"skX":94.1,"skY":94.1}}]},{"name":"cloth_l","display":[{"name":"cloth_l","transform":{"x":32.96,"y":2.06,"skX":-92.6,"skY":-92.6}}]},{"name":"leg_l","display":[{"name":"leg_lr","transform":{"x":72.23,"y":-2.86,"skX":-102.45,"skY":-102.45}},{"name":"leg_lb","transform":{"x":75.48,"y":-2.05,"skX":-102.45,"skY":-102.45}},{"name":"leg_lw","transform":{"x":75.48,"y":-2.05,"skX":-102.45,"skY":-102.45}},{"name":"leg_ly","transform":{"x":79.2,"y":-2.61,"skX":-102.45,"skY":-102.45}},{"name":"leg_lp","transform":{"x":79.2,"y":-2.61,"skX":-102.45,"skY":-102.45}}]},{"name":"cloth_r","display":[{"name":"cloth_r","transform":{"x":25.78,"y":-6.67,"skX":-101,"skY":-101}}]},{"name":"neck","display":[{"name":"neckb","transform":{"x":16.33,"y":-7.48,"skX":93.46,"skY":93.46}},{"name":"neckr","transform":{"x":20.96,"y":-9.45,"skX":93.46,"skY":93.46}},{"name":"neckw","transform":{"x":16.33,"y":-7.48,"skX":93.46,"skY":93.46}},{"name":"necky","transform":{"x":16.33,"y":-7.48,"skX":93.46,"skY":93.46}},{"name":"neckp","transform":{"x":16.33,"y":-7.48,"skX":93.46,"skY":93.46}}]},{"name":"cloth","display":[{"name":"cloth","transform":{"x":11.08,"y":-8.66,"skX":91.54,"skY":91.54}}]}]}],"animation":[{"duration":25,"playTimes":0,"name":"newAnimation","bone":[{"name":"body","translateFrame":[{"duration":5,"tweenEasing":0},{"duration":4,"tweenEasing":0,"y":16.6},{"duration":4,"tweenEasing":0,"y":6.91},{"duration":5,"tweenEasing":0},{"duration":4,"tweenEasing":0,"y":16.6},{"duration":3,"tweenEasing":0,"y":6.91},{"duration":0}]},{"name":"arm_l","rotateFrame":[{"duration":5,"tweenEasing":0,"rotate":18.08},{"duration":4,"tweenEasing":0,"rotate":11.03},{"duration":4,"tweenEasing":0,"rotate":0.81},{"duration":4,"tweenEasing":0,"rotate":-8.03},{"duration":4,"tweenEasing":0,"rotate":0.21},{"duration":4,"tweenEasing":0,"rotate":9.82},{"duration":0,"rotate":18.08}]},{"name":"neck","rotateFrame":[{"duration":6,"tweenEasing":0,"rotate":-2.7},{"duration":7,"tweenEasing":0,"rotate":3.56},{"duration":6,"tweenEasing":0,"rotate":-2.7},{"duration":6,"tweenEasing":0,"rotate":3.56},{"duration":0,"rotate":-2.7}]},{"name":"cloth_l","translateFrame":[{"duration":25,"y":-5.5}],"rotateFrame":[{"duration":5,"tweenEasing":0,"rotate":-6.7},{"duration":4,"tweenEasing":0,"rotate":-17.7},{"duration":4,"tweenEasing":0,"rotate":4.84},{"duration":4,"tweenEasing":0,"rotate":2.72},{"duration":4,"tweenEasing":0,"rotate":21.73},{"duration":4,"tweenEasing":0,"rotate":11.48},{"duration":0,"rotate":-6.7}]},{"name":"cloth_r","rotateFrame":[{"duration":5,"tweenEasing":0,"rotate":11.46},{"duration":4,"tweenEasing":0,"rotate":17.99},{"duration":4,"tweenEasing":0,"rotate":-8.6},{"duration":4,"tweenEasing":0,"rotate":-26.8},{"duration":4,"tweenEasing":0,"rotate":-31.16},{"duration":4,"tweenEasing":0,"rotate":-5.56},{"duration":0,"rotate":11.46}]},{"name":"arm_r","rotateFrame":[{"duration":5,"tweenEasing":0,"rotate":-35.57},{"duration":4,"tweenEasing":0,"rotate":-30.5},{"duration":4,"tweenEasing":0,"rotate":-6.86},{"duration":4,"tweenEasing":0,"rotate":9.91},{"duration":4,"tweenEasing":0,"rotate":-4.87},{"duration":4,"tweenEasing":0,"rotate":-25.58},{"duration":0,"rotate":-35.57}]},{"name":"leg_r","translateFrame":[{"duration":5,"tweenEasing":0,"x":-26.41,"y":-12.71},{"duration":4,"tweenEasing":0,"x":-35.09,"y":-9.22},{"duration":4,"tweenEasing":0,"x":-24.05,"y":-12.95},{"duration":4,"tweenEasing":0,"x":-15.26,"y":-18.91},{"duration":4,"tweenEasing":0,"x":-11.8,"y":-14.42},{"duration":4,"tweenEasing":0,"x":-26.84,"y":-13.29},{"duration":0,"x":-26.41,"y":-12.71}],"rotateFrame":[{"duration":5,"tweenEasing":0,"rotate":-1},{"duration":12,"tweenEasing":0,"rotate":-3},{"duration":4,"tweenEasing":0,"rotate":18.5},{"duration":4,"tweenEasing":0,"rotate":3},{"duration":0,"rotate":-1}]},{"name":"head","rotateFrame":[{"duration":11,"tweenEasing":0},{"duration":7,"tweenEasing":0,"rotate":-6.26},{"duration":7,"tweenEasing":0,"rotate":0.04},{"duration":0}]},{"name":"leg_l","translateFrame":[{"duration":5,"tweenEasing":0,"x":-18.56,"y":2.84},{"duration":4,"tweenEasing":0,"x":-20.54,"y":-8.08},{"duration":4,"tweenEasing":0,"x":-34.91,"y":-7.08},{"duration":8,"tweenEasing":0,"x":-19.15,"y":9.81},{"duration":4,"tweenEasing":0,"x":-41.53,"y":-4.28},{"duration":0,"x":-18.56,"y":2.84}],"rotateFrame":[{"duration":2,"tweenEasing":0},{"duration":3,"tweenEasing":0},{"duration":4,"tweenEasing":0,"rotate":11},{"duration":4,"tweenEasing":0,"rotate":2},{"duration":4,"tweenEasing":0,"rotate":7},{"duration":4,"tweenEasing":0,"rotate":-1},{"duration":4,"tweenEasing":0,"rotate":18},{"duration":0}]}],"slot":[{"name":"hair","displayFrame":[{"duration":25,"value":10}]}]}],"defaultActions":[{"gotoAndPlay":"newAnimation"}]}]}