{"frameRate":24,"name":"fatty_girl","version":"5.5","compatibleVersion":"5.5","armature":[{"type":"Armature","frameRate":24,"name":"fatty_girl","aabb":{"x":-153.36,"y":-438.59,"width":300.5,"height":440.24},"bone":[{"name":"root"},{"length":109,"name":"body_bgirl","parent":"root","transform":{"x":-9.2391,"y":-183.72735,"skX":-85.8199,"skY":-85.8199}},{"length":59.5,"name":"head_bgirl","parent":"body_bgirl","transform":{"x":109.06515,"skX":10.24,"skY":10.24}},{"length":51.5,"name":"leg_r_bgirl","parent":"body_bgirl","transform":{"x":-119.9893,"y":-10.90775,"skX":166.9512,"skY":166.9512}},{"length":53,"name":"leg_l_bgirl","parent":"body_bgirl","transform":{"x":-110.14035,"y":51.1394,"skX":-177.914,"skY":-177.914}}],"slot":[{"displayIndex":2,"name":"leg_r_bgirl","parent":"leg_r_bgirl"},{"displayIndex":3,"name":"leg_l_bgirl_3","parent":"leg_l_bgirl"},{"displayIndex":4,"name":"body_bgirl","parent":"body_bgirl"},{"displayIndex":1,"name":"head_bgirl","parent":"head_bgirl"},{"name":"hair","parent":"body_bgirl"},{"displayIndex":4,"name":"eye _1","parent":"body_bgirl"},{"displayIndex":4,"name":"mouth_sm","parent":"body_bgirl"}],"skin":[{"slot":[{"name":"mouth_sm","display":[{"name":"other/mouth_sm","transform":{"x":148.42,"y":-10.85,"skX":85.82,"skY":85.82}},{"name":"other/mouth_s","transform":{"x":148.42,"y":-10.85,"skX":85.82,"skY":85.82}},{"name":"other/mouth_smi","transform":{"x":148.42,"y":-10.85,"skX":85.82,"skY":85.82}},{"name":"other/mouth_smile","transform":{"x":148.42,"y":-10.85,"skX":85.82,"skY":85.82}},{"name":"other/mouth_smil","transform":{"x":148.42,"y":-10.85,"skX":85.82,"skY":85.82}}]},{"name":"body_bgirl","display":[{"name":"body_bgirl","transform":{"x":3.81,"y":5.86,"skX":85.82,"skY":85.82}},{"name":"body_bgirl_0","transform":{"x":3.81,"y":5.86,"skX":85.82,"skY":85.82}},{"name":"body_bgirl_1","transform":{"x":3.81,"y":5.86,"skX":85.82,"skY":85.82}},{"name":"body_bgirl_2","transform":{"x":3.81,"y":5.86,"skX":85.82,"skY":85.82}},{"name":"body_bgirl_3","transform":{"x":3.81,"y":5.86,"skX":85.82,"skY":85.82}}]},{"name":"leg_r_bgirl","display":[{"name":"leg_r_bgirl","transform":{"x":24.92,"y":8.95,"skX":-81.13,"skY":-81.13}},{"name":"leg_r_bgirl_3","transform":{"x":25.24,"y":8.49,"skX":-81.13,"skY":-81.13}},{"name":"leg_r_bgirl_2","transform":{"x":24.96,"y":8.7,"skX":-81.13,"skY":-81.13}},{"name":"leg_r_bgirl_1","transform":{"x":24.92,"y":8.95,"skX":-81.13,"skY":-81.13}},{"name":"leg_r_bgirl_0","transform":{"x":24.92,"y":8.95,"skX":-81.13,"skY":-81.13}}]},{"name":"head_bgirl","display":[{"name":"head_bgirl","transform":{"x":63.04,"y":12.88,"skX":75.58,"skY":75.58}},{"name":"head_bgirl_3","transform":{"x":63.04,"y":12.88,"skX":75.58,"skY":75.58}},{"name":"head_bgirl_2","transform":{"x":63.29,"y":12.82,"skX":75.58,"skY":75.58}},{"name":"head_bgirl_1","transform":{"x":63.35,"y":13.06,"skX":75.58,"skY":75.58}},{"name":"head_bgirl_0","transform":{"x":63.11,"y":13.12,"skX":75.58,"skY":75.58}}]},{"name":"leg_l_bgirl_3","display":[{"name":"leg_l_bgirl_3","transform":{"x":28.67,"y":-7.32,"skX":-96.27,"skY":-96.27}},{"name":"leg_l_bgirl_1","transform":{"x":28.4,"y":-7.54,"skX":-96.27,"skY":-96.27}},{"name":"leg_l_bgirl","transform":{"x":28.42,"y":-7.3,"skX":-96.27,"skY":-96.27}},{"name":"leg_l_bgirl_0","transform":{"x":28.42,"y":-7.3,"skX":-96.27,"skY":-96.27}},{"name":"leg_l_bgirl_2","transform":{"x":28.42,"y":-7.3,"skX":-96.27,"skY":-96.27}}]},{"name":"eye _1","display":[{"name":"other/eye _1","transform":{"x":175.5,"y":10.6,"skX":85.82,"skY":85.82}},{"name":"other/eye","transform":{"x":175.5,"y":10.6,"skX":85.82,"skY":85.82}},{"name":"other/eye_3","transform":{"x":175.5,"y":10.6,"skX":85.82,"skY":85.82}},{"name":"other/eye_4","transform":{"x":175.5,"y":10.6,"skX":85.82,"skY":85.82}},{"name":"other/eye_2","transform":{"x":175.5,"y":10.6,"skX":85.82,"skY":85.82}}]},{"name":"hair","display":[{"name":"horse_tail/mawei_red","transform":{"x":166.82,"y":27.57,"skX":85.82,"skY":85.82}},{"name":"horse_tail/mawei_purple","transform":{"x":166.82,"y":27.57,"skX":85.82,"skY":85.82}},{"name":"horse_tail/mawei_white","transform":{"x":166.82,"y":27.57,"skX":85.82,"skY":85.82}},{"name":"horse_tail/mawei_black","transform":{"x":166.82,"y":27.56,"skX":85.82,"skY":85.82}},{"name":"horse_tail/mawei_yellow","transform":{"x":166.82,"y":27.57,"skX":85.82,"skY":85.82}},{"name":"big_wave/big_wave_black","transform":{"x":106.21,"y":41.92,"skX":85.82,"skY":85.82}},{"name":"big_wave/big_wave_purple","transform":{"x":106.22,"y":41.91,"skX":85.82,"skY":85.82}},{"name":"big_wave/big_wave_yellow","transform":{"x":106.22,"y":41.91,"skX":85.82,"skY":85.82}},{"name":"big_wave/big_wave_red","transform":{"x":106.22,"y":41.91,"skX":85.82,"skY":85.82}},{"name":"big_wave/big_wave_white","transform":{"x":106.22,"y":41.91,"skX":85.82,"skY":85.82}},{"name":"pao/pao_black","transform":{"x":206.36,"y":35.31,"skX":85.82,"skY":85.82}},{"name":"pao/pao_red","transform":{"x":206.37,"y":35.3,"skX":85.82,"skY":85.82}},{"name":"black_long/long_purple","transform":{"x":123.87,"y":31.41,"skX":85.82,"skY":85.82}},{"name":"pao/pao_yellow","transform":{"x":206.37,"y":35.3,"skX":85.82,"skY":85.82}},{"name":"pao/pao_white","transform":{"x":206.37,"y":35.3,"skX":85.82,"skY":85.82}},{"name":"black_long/long_yellow","transform":{"x":123.87,"y":31.41,"skX":85.82,"skY":85.82}},{"name":"black_long/long_black","transform":{"x":123.87,"y":31.41,"skX":85.82,"skY":85.82}},{"name":"black_long/long_white","transform":{"x":123.87,"y":31.41,"skX":85.82,"skY":85.82}},{"name":"black_long/long_red","transform":{"x":123.87,"y":31.41,"skX":85.82,"skY":85.82}},{"name":"pao/pao_purple","transform":{"x":206.37,"y":35.3,"skX":85.82,"skY":85.82}}]}]}],"animation":[{"duration":25,"playTimes":0,"name":"newAnimation","bone":[{"name":"body_bgirl","translateFrame":[{"duration":5,"tweenEasing":0,"y":7},{"duration":4,"tweenEasing":0,"y":19.56},{"duration":4,"tweenEasing":0,"y":6.3},{"duration":5,"tweenEasing":0,"y":7},{"duration":4,"tweenEasing":0,"y":19.56},{"duration":3,"tweenEasing":0,"y":6.3},{"duration":0,"y":7}]},{"name":"head_bgirl","rotateFrame":[{"duration":7,"tweenEasing":0,"rotate":2},{"duration":6,"tweenEasing":0},{"duration":5,"tweenEasing":0,"rotate":2},{"duration":7,"tweenEasing":0},{"duration":0,"rotate":2}]},{"name":"leg_r_bgirl","translateFrame":[{"duration":5,"tweenEasing":0,"x":7.13,"y":-16.99},{"duration":8,"tweenEasing":0,"x":6.63,"y":-11.06},{"duration":4,"tweenEasing":0,"x":8.05,"y":57.77},{"duration":4,"tweenEasing":0,"x":10.69,"y":42.3},{"duration":4,"tweenEasing":0,"x":18.34,"y":17.71},{"duration":0,"x":8.45,"y":-13.92}],"rotateFrame":[{"duration":5,"tweenEasing":0,"rotate":38.44},{"duration":4,"tweenEasing":0,"rotate":52.96},{"duration":4,"tweenEasing":0,"rotate":4.09},{"duration":4,"tweenEasing":0,"rotate":-15.95},{"duration":4,"tweenEasing":0,"rotate":-22.58},{"duration":4,"tweenEasing":0,"rotate":-9.07},{"duration":0,"rotate":38.44}]},{"name":"leg_l_bgirl","translateFrame":[{"duration":5,"tweenEasing":0,"x":5.84,"y":-2.85},{"duration":4,"tweenEasing":0,"x":13.58,"y":-5.72},{"duration":4,"tweenEasing":0,"x":6.33,"y":-45},{"duration":4,"tweenEasing":0,"x":-2.59,"y":-80.58},{"duration":4,"tweenEasing":0,"x":2.57,"y":-76.6},{"duration":4,"tweenEasing":0,"x":6.3,"y":-41.36},{"duration":0,"x":8.45,"y":-13.92}],"rotateFrame":[{"duration":5,"tweenEasing":0,"rotate":-31.61},{"duration":4,"tweenEasing":0,"rotate":-39.36},{"duration":4,"tweenEasing":0,"rotate":-54.49},{"duration":4,"tweenEasing":0,"rotate":18.51},{"duration":4,"tweenEasing":0,"rotate":24.89},{"duration":4,"tweenEasing":0,"rotate":-7.75},{"duration":0,"rotate":-31.61}]}]}],"defaultActions":[{"gotoAndPlay":"newAnimation"}]}]}