{"SubTexture":[{"x":965,"y":265,"width":50,"name":"leg_r_bgirl_3","height":80},{"x":965,"y":347,"width":50,"name":"leg_r_bgirl_2","height":79},{"x":307,"y":1310,"width":49,"name":"leg_r_bgirl_0","height":79},{"x":307,"y":1391,"width":49,"name":"leg_r_bgirl","height":79},{"x":181,"y":1428,"width":49,"name":"leg_r_bgirl_1","height":79},{"x":965,"y":177,"width":49,"name":"leg_l_bgirl","height":86},{"x":910,"y":1,"width":50,"name":"leg_l_bgirl_2","height":86},{"x":961,"y":89,"width":49,"name":"leg_l_bgirl_1","height":86},{"x":910,"y":89,"width":49,"name":"leg_l_bgirl_0","height":86},{"x":962,"y":1,"width":50,"name":"leg_l_bgirl_3","height":86},{"x":1,"y":1,"width":301,"name":"body_bgirl_3","height":234},{"x":304,"y":237,"width":301,"name":"body_bgirl_0","height":234},{"x":1,"y":237,"width":301,"name":"body_bgirl_1","height":234},{"x":607,"y":1,"width":301,"name":"body_bgirl","height":234},{"x":304,"y":1,"width":301,"name":"body_bgirl_2","height":234},{"x":852,"y":1050,"width":124,"name":"head_bgirl_0","height":116},{"x":893,"y":496,"width":125,"name":"head_bgirl_2","height":117},{"x":893,"y":615,"width":124,"name":"head_bgirl_1","height":117},{"x":181,"y":1310,"width":124,"name":"head_bgirl_3","height":116},{"x":726,"y":1050,"width":124,"name":"head_bgirl","height":116},{"x":411,"y":791,"width":203,"name":"horse_tail/mawei_yellow","height":181},{"x":546,"y":1050,"width":178,"name":"pao/pao_white","height":192},{"x":1,"y":750,"width":203,"name":"horse_tail/mawei_black","height":181},{"x":206,"y":750,"width":203,"name":"horse_tail/mawei_red","height":181},{"x":206,"y":933,"width":203,"name":"horse_tail/mawei_white","height":181},{"x":447,"y":514,"width":221,"name":"big_wave/big_wave_red","height":275},{"x":751,"y":791,"width":133,"name":"black_long/long_purple","height":257},{"x":1,"y":1116,"width":178,"name":"pao/pao_purple","height":192},{"x":607,"y":237,"width":221,"name":"big_wave/big_wave_yellow","height":275},{"x":224,"y":473,"width":221,"name":"big_wave/big_wave_white","height":275},{"x":411,"y":974,"width":133,"name":"black_long/long_red","height":257},{"x":670,"y":514,"width":221,"name":"big_wave/big_wave_purple","height":275},{"x":1,"y":1310,"width":178,"name":"pao/pao_red","height":192},{"x":886,"y":791,"width":133,"name":"black_long/long_white","height":257},{"x":361,"y":1233,"width":178,"name":"pao/pao_yellow","height":192},{"x":181,"y":1116,"width":178,"name":"pao/pao_black","height":192},{"x":1,"y":933,"width":203,"name":"horse_tail/mawei_purple","height":181},{"x":830,"y":237,"width":133,"name":"black_long/long_black","height":257},{"x":1,"y":473,"width":221,"name":"big_wave/big_wave_black","height":275},{"x":616,"y":791,"width":133,"name":"black_long/long_yellow","height":257},{"x":966,"y":734,"width":57,"name":"other/eye_2","height":30},{"x":546,"y":974,"width":60,"name":"other/eye _1","height":37},{"x":546,"y":1013,"width":65,"name":"other/eye_3","height":32},{"x":893,"y":734,"width":71,"name":"other/eye_4","height":49},{"x":965,"y":428,"width":46,"name":"other/eye","height":27},{"x":830,"y":496,"width":12,"name":"other/mouth_sm","height":14},{"x":844,"y":496,"width":16,"name":"other/mouth_smi","height":10},{"x":862,"y":496,"width":12,"name":"other/mouth_smile","height":9},{"x":876,"y":496,"width":9,"name":"other/mouth_s","height":11},{"x":910,"y":177,"width":49,"name":"other/mouth_smil","height":31}],"width":1024,"name":"fatty_girl","imagePath":"fatty_girl_tex.png","height":2048}