{"SubTexture":[{"x":967,"y":1030,"width":73,"name":"arm_lp","height":212},{"x":892,"y":1236,"width":73,"name":"arm_ly","height":212},{"x":967,"y":1664,"width":73,"name":"arm_lw","height":212},{"x":932,"y":1450,"width":73,"name":"arm_lb","height":212},{"x":892,"y":1664,"width":73,"name":"arm_lr","height":212},{"x":1819,"y":1,"width":79,"name":"leg_lw","height":183},{"x":1900,"y":1,"width":79,"name":"leg_lb","height":183},{"x":1952,"y":186,"width":78,"name":"leg_ly","height":183},{"x":609,"y":417,"width":82,"name":"leg_lr","height":183},{"x":1952,"y":371,"width":78,"name":"leg_lp","height":183},{"height":125,"y":485,"frameWidth":115,"frameX":-6,"frameHeight":125,"frameY":0,"width":105,"name":"cloth_l","x":1799},{"height":204,"y":1125,"frameWidth":87,"frameX":0,"frameHeight":205,"frameY":-2,"width":87,"name":"leg_rw","x":714},{"height":204,"y":766,"frameWidth":87,"frameX":0,"frameHeight":205,"frameY":-2,"width":87,"name":"leg_rp","x":797},{"height":204,"y":1125,"frameWidth":87,"frameX":0,"frameHeight":205,"frameY":-2,"width":87,"name":"leg_rb","x":625},{"height":204,"y":919,"frameWidth":90,"frameX":-2,"frameHeight":205,"frameY":-2,"width":88,"name":"leg_rr","x":618},{"height":204,"y":919,"frameWidth":87,"frameX":0,"frameHeight":205,"frameY":-2,"width":87,"name":"leg_ry","x":708},{"height":131,"y":352,"frameWidth":115,"frameX":-13,"frameHeight":135,"frameY":0,"width":102,"name":"cloth_r","x":1799},{"height":269,"y":814,"frameWidth":159,"frameX":-3,"frameHeight":269,"frameY":0,"width":155,"name":"bodyy","x":1},{"height":269,"y":543,"frameWidth":159,"frameX":-3,"frameHeight":269,"frameY":0,"width":156,"name":"bodyp","x":1},{"height":269,"y":1,"frameWidth":159,"frameX":-3,"frameHeight":269,"frameY":0,"width":156,"name":"bodyb","x":1},{"height":266,"y":1085,"frameWidth":159,"frameX":-3,"frameHeight":269,"frameY":-3,"width":156,"name":"bodyw","x":1},{"height":269,"y":272,"frameWidth":159,"frameX":-3,"frameHeight":269,"frameY":0,"width":156,"name":"bodyr","x":1},{"x":469,"y":1990,"width":159,"name":"cloth","height":44},{"height":40,"y":186,"frameWidth":88,"frameX":-2,"frameHeight":45,"frameY":-1,"width":81,"name":"neckb","x":1819},{"height":40,"y":1225,"frameWidth":88,"frameX":-2,"frameHeight":45,"frameY":-1,"width":81,"name":"neckw","x":315},{"height":40,"y":1331,"frameWidth":88,"frameX":-2,"frameHeight":45,"frameY":-1,"width":82,"name":"necky","x":625},{"height":40,"y":766,"frameWidth":88,"frameX":-2,"frameHeight":45,"frameY":-1,"width":81,"name":"neckp","x":159},{"height":36,"y":1990,"frameWidth":84,"frameX":-1,"frameHeight":36,"frameY":0,"width":80,"name":"neckr","x":630},{"x":609,"y":1,"width":82,"name":"arm_rr","height":207},{"height":204,"y":1,"frameWidth":82,"frameX":0,"frameHeight":207,"frameY":-3,"width":82,"name":"arm_ry","x":693},{"height":199,"y":271,"frameWidth":82,"frameX":0,"frameHeight":207,"frameY":-8,"width":82,"name":"arm_rw","x":820},{"height":204,"y":207,"frameWidth":82,"frameX":0,"frameHeight":207,"frameY":-3,"width":82,"name":"arm_rp","x":693},{"height":205,"y":210,"frameWidth":82,"frameX":0,"frameHeight":207,"frameY":-2,"width":82,"name":"arm_rb","x":609},{"height":133,"y":413,"frameWidth":126,"frameX":-1,"frameHeight":138,"frameY":0,"width":125,"name":"headw","x":693},{"height":133,"y":972,"frameWidth":126,"frameX":-1,"frameHeight":138,"frameY":0,"width":125,"name":"headp","x":797},{"height":133,"y":136,"frameWidth":126,"frameX":-1,"frameHeight":138,"frameY":0,"width":125,"name":"heady","x":777},{"height":133,"y":1,"frameWidth":126,"frameX":-1,"frameHeight":150,"frameY":0,"width":125,"name":"headr","x":777},{"height":133,"y":766,"frameWidth":126,"frameX":-1,"frameHeight":138,"frameY":0,"width":125,"name":"headb","x":886},{"x":242,"y":766,"width":62,"name":"mouth_bigsmile","height":39},{"x":831,"y":1859,"width":23,"name":"mouth_smile","height":10},{"x":856,"y":1844,"width":11,"name":"mouth_3","height":20},{"x":869,"y":1844,"width":13,"name":"mouth_V","height":12},{"x":831,"y":1844,"width":23,"name":"mouth_W","height":13},{"x":693,"y":548,"width":66,"name":"eye_middle","height":35},{"x":398,"y":1225,"width":69,"name":"eye_big","height":46},{"x":763,"y":1844,"width":66,"name":"eye_small","height":32},{"x":1553,"y":118,"width":131,"name":"hair_bingle1y","height":115},{"x":159,"y":154,"width":154,"name":"hair_no3r","height":151},{"x":1448,"y":517,"width":131,"name":"hair_bingle3r","height":115},{"x":803,"y":1107,"width":127,"name":"hair_pot1p","height":127},{"x":157,"y":1812,"width":154,"name":"hair_no4b","height":151},{"x":904,"y":1,"width":127,"name":"hair_pot1b","height":127},{"x":462,"y":307,"width":145,"name":"hair_curly4y","height":151},{"x":315,"y":1072,"width":154,"name":"hair_no2y","height":151},{"x":315,"y":919,"width":154,"name":"hair_no2b","height":151},{"x":159,"y":307,"width":154,"name":"hair_no2w","height":151},{"x":1162,"y":130,"width":127,"name":"hair_pot6r","height":127},{"x":1271,"y":388,"width":127,"name":"hair_pot6p","height":127},{"x":1420,"y":1,"width":131,"name":"hair_bingle1p","height":115},{"x":1,"y":1506,"width":154,"name":"hair_no5r","height":151},{"x":949,"y":388,"width":127,"name":"hair_pot3w","height":127},{"x":314,"y":766,"width":154,"name":"hair_no5p","height":151},{"x":1,"y":1353,"width":154,"name":"hair_no4r","height":151},{"x":1013,"y":766,"width":127,"name":"hair_pot2b","height":127},{"x":462,"y":1,"width":145,"name":"hair_curly3y","height":151},{"x":1033,"y":259,"width":127,"name":"hair_pot5p","height":127},{"x":924,"y":901,"width":127,"name":"hair_pot2w","height":127},{"x":1291,"y":259,"width":127,"name":"hair_pot6b","height":127},{"x":471,"y":919,"width":145,"name":"hair_curly2w","height":151},{"x":313,"y":1273,"width":154,"name":"hair_no4y","height":151},{"x":1033,"y":130,"width":127,"name":"hair_pot3p","height":127},{"x":763,"y":1460,"width":127,"name":"hair_pot4b","height":127},{"x":1033,"y":1,"width":127,"name":"hair_pot2p","height":127},{"x":1142,"y":763,"width":131,"name":"hair_bingle2b","height":115},{"x":763,"y":1589,"width":127,"name":"hair_pot1r","height":127},{"x":1533,"y":388,"width":131,"name":"hair_bingle2p","height":115},{"x":609,"y":613,"width":145,"name":"hair_curly1p","height":151},{"x":313,"y":1732,"width":154,"name":"hair_no1r","height":151},{"x":469,"y":1378,"width":145,"name":"hair_curly3b","height":151},{"x":313,"y":1885,"width":154,"name":"hair_no3b","height":151},{"x":896,"y":1878,"width":131,"name":"hair_bingle4y","height":115},{"x":1,"y":1812,"width":154,"name":"hair_no4p","height":151},{"x":1553,"y":235,"width":131,"name":"hair_bingle1w","height":115},{"x":616,"y":1531,"width":145,"name":"hair_curly1y","height":151},{"x":315,"y":460,"width":145,"name":"hair_curly1r","height":151},{"x":1291,"y":1,"width":127,"name":"hair_pot1w","height":127},{"x":159,"y":1,"width":154,"name":"hair_no2r","height":151},{"x":1315,"y":517,"width":131,"name":"hair_bingle3y","height":115},{"x":763,"y":1878,"width":131,"name":"hair_bingle3b","height":115},{"x":904,"y":259,"width":127,"name":"hair_pot5b","height":127},{"x":820,"y":472,"width":127,"name":"hair_pot4p","height":127},{"x":1291,"y":130,"width":127,"name":"hair_pot5r","height":127},{"x":315,"y":154,"width":145,"name":"hair_curly4w","height":151},{"x":1686,"y":235,"width":131,"name":"hair_bingle4b","height":115},{"x":904,"y":130,"width":127,"name":"hair_pot3r","height":127},{"x":313,"y":1426,"width":154,"name":"hair_no2p","height":151},{"x":159,"y":613,"width":154,"name":"hair_no4w","height":151},{"x":157,"y":1506,"width":154,"name":"hair_no1w","height":151},{"x":158,"y":814,"width":154,"name":"hair_no3w","height":151},{"x":469,"y":1225,"width":154,"name":"hair_no5b","height":151},{"x":616,"y":1684,"width":145,"name":"hair_curly3r","height":151},{"x":157,"y":1659,"width":154,"name":"hair_no3p","height":151},{"x":1050,"y":646,"width":131,"name":"hair_bingle3w","height":115},{"x":469,"y":1684,"width":145,"name":"hair_curly5p","height":151},{"x":157,"y":1353,"width":154,"name":"hair_no1p","height":151},{"x":1686,"y":1,"width":131,"name":"hair_bingle2w","height":115},{"x":471,"y":1072,"width":145,"name":"hair_curly2y","height":151},{"x":1053,"y":895,"width":131,"name":"hair_bingle2y","height":115},{"x":1420,"y":118,"width":131,"name":"hair_bingle1b","height":115},{"x":617,"y":766,"width":145,"name":"hair_curly5r","height":151},{"x":315,"y":307,"width":145,"name":"hair_curly2r","height":151},{"x":1666,"y":388,"width":131,"name":"hair_bingle2r","height":115},{"x":1,"y":1659,"width":154,"name":"hair_no5y","height":151},{"x":756,"y":613,"width":145,"name":"hair_curly3p","height":151},{"x":1053,"y":517,"width":127,"name":"hair_pot3b","height":127},{"x":159,"y":460,"width":154,"name":"hair_no5w","height":151},{"x":1400,"y":388,"width":131,"name":"hair_bingle3p","height":115},{"x":1186,"y":634,"width":131,"name":"hair_bingle5r","height":115},{"x":1420,"y":235,"width":131,"name":"hair_bingle4w","height":115},{"x":469,"y":1531,"width":145,"name":"hair_curly5y","height":151},{"x":1162,"y":259,"width":127,"name":"hair_pot4r","height":127},{"x":763,"y":1718,"width":127,"name":"hair_pot5w","height":124},{"x":903,"y":613,"width":145,"name":"hair_curly2b","height":151},{"x":159,"y":1120,"width":154,"name":"hair_no1y","height":151},{"x":462,"y":154,"width":145,"name":"hair_curly4p","height":151},{"x":462,"y":460,"width":145,"name":"hair_curly4r","height":151},{"x":462,"y":613,"width":145,"name":"hair_curly3w","height":151},{"x":1182,"y":517,"width":131,"name":"hair_bingle4r","height":115},{"x":470,"y":766,"width":145,"name":"hair_curly4b","height":151},{"x":159,"y":967,"width":154,"name":"hair_no3y","height":151},{"x":469,"y":1837,"width":145,"name":"hair_curly1w","height":151},{"x":1553,"y":1,"width":131,"name":"hair_bingle5y","height":115},{"x":313,"y":1579,"width":154,"name":"hair_no1b","height":151},{"x":1162,"y":1,"width":127,"name":"hair_pot6w","height":127},{"x":616,"y":1378,"width":145,"name":"hair_curly1b","height":151},{"x":763,"y":1331,"width":127,"name":"hair_pot6y","height":127},{"x":315,"y":1,"width":145,"name":"hair_curly5b","height":151},{"x":967,"y":1244,"width":131,"name":"hair_bingle4p","height":115},{"x":1042,"y":1030,"width":131,"name":"hair_bingle1r","height":115},{"x":1029,"y":1878,"width":131,"name":"hair_bingle5b","height":115},{"x":616,"y":1837,"width":145,"name":"hair_curly2p","height":151},{"x":315,"y":613,"width":145,"name":"hair_curly5w","height":151},{"x":1686,"y":118,"width":131,"name":"hair_bingle5p","height":115},{"x":1819,"y":235,"width":131,"name":"hair_bingle5w","height":115},{"x":1142,"y":388,"width":127,"name":"hair_pot2r","height":127}],"width":2048,"name":"fatty_boy","imagePath":"fatty_boy_tex.png","height":2048}