{"mc":{
	"fire":{
		"frameRate":24,
		"events":[
			
			],
		"frames":[
			
			{
			"res":"75108036",
			"x":0,
			"y":0,
			"duration":2
			},
			{
			"res":"C48239B",
			"x":652,
			"y":198
			},
			{
			"res":"505BB9AB",
			"x":553,
			"y":139
			},
			{
			"res":"CAD3C1D2",
			"x":421,
			"y":106
			},
			{
			"res":"AEC5FA9C",
			"x":485,
			"y":81
			},
			{
			"res":"9A3A4BDE",
			"x":433,
			"y":119
			},
			{
			"res":"9FC35F32",
			"x":333,
			"y":75
			},
			{
			"res":"9277A9D2",
			"x":213,
			"y":83
			},
			{
			"res":"D50EEB0E",
			"x":209,
			"y":91
			},
			{
			"res":"1AD75155",
			"x":285,
			"y":79
			},
			{
			"res":"6FFFDF8A",
			"x":201,
			"y":75
			},
			{
			"res":"59BE13C",
			"x":205,
			"y":95
			},
			{
			"res":"BC7F660A",
			"x":181,
			"y":3
			},
			{
			"res":"4A2CDB4D",
			"x":145,
			"y":35
			},
			{
			"res":"72DE7B3B",
			"x":41,
			"y":59
			},
			{
			"res":"2F0F378E",
			"x":57,
			"y":67
			}
			]
}},
	"res":{
		"75108036":{"x":2334,"y":409,"w":5,"h":5},
		"C48239B":{"x":2334,"y":373,"w":17,"h":36},
		"D50EEB0E":{"x":3215,"y":734,"w":845,"h":365},
		"AEC5FA9C":{"x":637,"y":778,"w":293,"h":375},
		"59BE13C":{"x":1209,"y":373,"w":1125,"h":361},
		"9277A9D2":{"x":1053,"y":734,"w":809,"h":373},
		"BC7F660A":{"x":2334,"y":421,"w":881,"h":453},
		"CAD3C1D2":{"x":3479,"y":337,"w":373,"h":350},
		"6FFFDF8A":{"x":0,"y":397,"w":1053,"h":381},
		"9A3A4BDE":{"x":3479,"y":0,"w":485,"h":337},
		"505BB9AB":{"x":3215,"y":421,"w":177,"h":221},
		"9FC35F32":{"x":0,"y":778,"w":637,"h":381},
		"72DE7B3B":{"x":0,"y":0,"w":1209,"h":397},
		"1AD75155":{"x":1053,"y":1107,"w":685,"h":377},
		"4A2CDB4D":{"x":2450,"y":0,"w":1029,"h":421},
		"2F0F378E":{"x":1209,"y":0,"w":1241,"h":373}
	}}