{"SubTexture":[{"x":1,"y":139,"width":64,"name":"legs","height":100},{"height":52,"y":362,"frameWidth":29,"frameX":0,"frameHeight":56,"frameY":0,"width":28,"name":"shoulder_L","x":464},{"height":41,"y":168,"frameWidth":44,"frameX":0,"frameHeight":42,"frameY":0,"width":43,"name":"arm_L","x":380},{"x":458,"y":503,"width":38,"name":"hand_L_magic","height":25},{"x":463,"y":328,"width":48,"name":"hand_L_normal","height":32},{"x":235,"y":536,"width":40,"name":"hand_l_nayao","height":30},{"x":407,"y":603,"width":56,"name":"body","height":72},{"x":206,"y":110,"width":109,"name":"medicine_6","height":56},{"height":55,"y":328,"frameWidth":109,"frameX":0,"frameHeight":58,"frameY":0,"width":107,"name":"medicine_1","x":354},{"height":54,"y":385,"frameWidth":111,"frameX":0,"frameHeight":59,"frameY":0,"width":108,"name":"medicine_8","x":354},{"height":56,"y":110,"frameWidth":109,"frameX":0,"frameHeight":56,"frameY":0,"width":108,"name":"medicine_2","x":317},{"height":55,"y":447,"frameWidth":112,"frameX":0,"frameHeight":58,"frameY":0,"width":105,"name":"medicine_7","x":178},{"height":54,"y":391,"frameWidth":110,"frameX":0,"frameHeight":59,"frameY":0,"width":107,"name":"medicine_5","x":178},{"height":55,"y":277,"frameWidth":110,"frameX":0,"frameHeight":58,"frameY":0,"width":107,"name":"medicine_3","x":245},{"height":55,"y":334,"frameWidth":109,"frameX":0,"frameHeight":58,"frameY":0,"width":107,"name":"medicine_4","x":245},{"height":60,"y":441,"frameWidth":54,"frameX":-2,"frameHeight":60,"frameY":0,"width":52,"name":"shoulder_R","x":458},{"height":30,"y":504,"frameWidth":45,"frameX":-1,"frameHeight":30,"frameY":-1,"width":45,"name":"arm_R","x":235},{"x":235,"y":568,"width":37,"name":"hand_R","height":28},{"x":458,"y":530,"width":32,"name":"hand_r_nayao","height":27},{"x":235,"y":603,"width":170,"name":"hand_R_magic","height":33},{"x":1,"y":1,"width":132,"name":"head","height":136},{"x":135,"y":1,"width":69,"name":"med/yellow_1","height":107},{"x":59,"y":572,"width":56,"name":"med/yellow","height":107},{"x":62,"y":245,"width":56,"name":"med/yellow_2","height":107},{"x":427,"y":110,"width":56,"name":"med/yellow_0","height":107},{"x":135,"y":110,"width":69,"name":"med/red_1","height":107},{"x":59,"y":463,"width":56,"name":"med/red_2","height":107},{"x":120,"y":546,"width":56,"name":"med/red","height":107},{"x":380,"y":219,"width":56,"name":"med/red_0","height":107},{"x":120,"y":328,"width":56,"name":"med/pink","height":107},{"x":206,"y":168,"width":56,"name":"med/pink_0","height":107},{"x":348,"y":1,"width":69,"name":"med/pink_1","height":107},{"x":1,"y":347,"width":56,"name":"med/pink_2","height":107},{"x":1,"y":456,"width":56,"name":"med/oragen_0","height":107},{"x":187,"y":277,"width":56,"name":"med/oragen_2","height":107},{"x":419,"y":1,"width":69,"name":"med/oragen_1","height":107},{"x":129,"y":219,"width":56,"name":"med/oragen","height":107},{"x":120,"y":437,"width":56,"name":"med/green_0","height":107},{"x":322,"y":168,"width":56,"name":"med/green","height":107},{"x":438,"y":219,"width":56,"name":"med/green_2","height":107},{"x":206,"y":1,"width":69,"name":"med/green_1","height":107},{"x":1,"y":674,"width":55,"name":"med/brown_2","height":104},{"x":67,"y":139,"width":60,"name":"med/brown_1","height":104},{"x":344,"y":447,"width":55,"name":"med/brown","height":104},{"x":287,"y":391,"width":55,"name":"med/brown_0","height":104},{"x":277,"y":1,"width":69,"name":"med/blue_1","height":107},{"x":264,"y":168,"width":56,"name":"med/blue_2","height":107},{"x":59,"y":354,"width":56,"name":"med/blue","height":107},{"x":1,"y":565,"width":56,"name":"med/blue_0","height":107},{"x":178,"y":504,"width":55,"name":"med/black_0","height":104},{"x":401,"y":441,"width":55,"name":"med/black","height":104},{"x":285,"y":497,"width":55,"name":"med/black_2","height":104},{"x":1,"y":241,"width":59,"name":"med/black_1","height":104}],"width":512,"name":"ghost","imagePath":"ghost_tex.png","height":1024}