{"frameRate":24,"name":"ghost","version":"5.5","compatibleVersion":"5.5","armature":[{"type":"Armature","frameRate":24,"name":"ghost","aabb":{"x":-70.93,"y":-260.47,"width":152.71,"height":267.05},"bone":[{"name":"root"},{"length":57.5,"name":"body","parent":"root","transform":{"x":0.375,"y":-87.85,"skX":-89.2817,"skY":-89.2817}},{"length":27,"name":"medicine","parent":"root","transform":{"x":-70.55,"y":-85.025,"skX":3.9579,"skY":3.9579}},{"length":43.5,"name":"head___","parent":"body","transform":{"x":57.81805,"y":-0.91685,"skX":1.0575,"skY":1.0575}},{"length":55,"name":"legs","parent":"body","transform":{"x":-0.39115,"y":-1.2871,"skX":178.5039,"skY":178.5039}},{"length":43,"name":"shoulder_L","parent":"body","transform":{"x":46.75355,"y":21.92365,"skX":147.0797,"skY":147.0797}},{"length":46,"name":"shoulder_R","parent":"body","transform":{"x":46.89325,"y":-26.7569,"skX":-126.4281,"skY":-126.4281}},{"length":29,"name":"arm_L","parent":"shoulder_L","transform":{"x":43.25345,"skX":-112.8937,"skY":-112.8937}},{"length":39,"name":"head___1","parent":"head___","transform":{"x":47.6836,"y":-0.46095,"skX":-3.8108,"skY":-3.8108}},{"length":34,"name":"arm_R","parent":"shoulder_R","transform":{"x":46.4295,"skX":-118.2492,"skY":-118.2492}},{"length":22.5,"name":"bone","parent":"head___1","transform":{"x":-16.5846,"y":-47.1937,"skX":-51.7853,"skY":-51.7853}},{"length":17,"name":"hand_R","parent":"arm_R","transform":{"x":30.98185,"y":-2.54915,"skX":0.5986,"skY":0.5986}},{"length":14,"name":"hand_L","parent":"arm_L","transform":{"x":29.44735,"skX":11.0908,"skY":11.0908}},{"length":22,"name":"head___2","parent":"head___1","transform":{"x":-13.97555,"y":41.30475,"skX":39.8424,"skY":39.8424}}],"slot":[{"name":"legs","parent":"legs"},{"name":"shoulder_L","parent":"shoulder_L"},{"name":"arm_L","parent":"arm_L"},{"displayIndex":1,"name":"hand_L","parent":"hand_L"},{"name":"body","parent":"body"},{"displayIndex":-1,"name":"medicine_2","parent":"medicine"},{"name":"shoulder_R","parent":"shoulder_R"},{"name":"arm_R","parent":"arm_R"},{"name":"hand_R","parent":"hand_R"},{"name":"head___","parent":"head___2"},{"displayIndex":3,"name":"yellow","parent":"medicine"},{"displayIndex":3,"name":"red","parent":"medicine"},{"displayIndex":3,"name":"pink","parent":"medicine"},{"displayIndex":3,"name":"oragen","parent":"medicine"},{"displayIndex":3,"name":"green","parent":"medicine"},{"displayIndex":3,"name":"brown","parent":"medicine"},{"displayIndex":3,"name":"blue","parent":"medicine"},{"displayIndex":3,"name":"black","parent":"medicine"}],"skin":[{"slot":[{"name":"shoulder_L","display":[{"name":"shoulder_L","transform":{"x":21.25,"y":-0.14,"skX":-57.8,"skY":-57.8}}]},{"name":"yellow","display":[{"name":"med/yellow","transform":{"x":32.5,"y":4.5,"skX":99,"skY":99}},{"name":"med/yellow_1","transform":{"x":32.5,"y":4.5,"skX":99,"skY":99}},{"name":"med/yellow_2","transform":{"x":32.5,"y":4.5,"skX":99,"skY":99}},{"name":"med/yellow_0","transform":{"x":32.5,"y":4.5,"skX":99,"skY":99}}]},{"name":"hand_R","display":[{"name":"hand_R_normal","transform":{"x":15.97,"y":4.14,"skX":-26.64,"skY":-26.64},"path":"hand_R"},{"name":"hand_R_magic","transform":{"x":71.47,"y":15.08,"skX":10.93,"skY":10.93}},{"name":"hand_R_nayao","transform":{"x":14.75,"y":6.56,"skX":-15,"skY":-15},"path":"hand_r_nayao"}]},{"name":"oragen","display":[{"name":"med/oragen","transform":{"x":32.5,"y":4.5,"skX":99,"skY":99}},{"name":"med/oragen_1","transform":{"x":32.5,"y":4.5,"skX":99,"skY":99}},{"name":"med/oragen_2","transform":{"x":32.5,"y":4.5,"skX":99,"skY":99}},{"name":"med/oragen_0","transform":{"x":32.5,"y":4.5,"skX":99,"skY":99}}]},{"name":"legs","display":[{"name":"双脚","transform":{"x":44.11,"y":-4.14,"skX":-89.22,"skY":-89.22},"path":"legs"}]},{"name":"black","display":[{"name":"med/black","transform":{"x":32.5,"y":4.5,"skX":99,"skY":99}},{"name":"med/black_1","transform":{"x":32.5,"y":4.5,"skX":99,"skY":99}},{"name":"med/black_2","transform":{"x":32.5,"y":4.5,"skX":99,"skY":99}},{"name":"med/black_0","transform":{"x":32.5,"y":4.5,"skX":99,"skY":99}}]},{"name":"hand_L","display":[{"name":"hand_L_normal","transform":{"x":18.16,"y":3.92,"skX":44,"skY":44}},{"name":"hand_L_mangic","path":"hand_L_magic"},{"name":"hand_L_nayao","transform":{"x":9.48,"y":3.16,"skX":44,"skY":44},"path":"hand_l_nayao"}]},{"name":"pink","display":[{"name":"med/pink","transform":{"x":32.5,"y":4.5,"skX":99,"skY":99}},{"name":"med/pink_1","transform":{"x":32.5,"y":4.5,"skX":99,"skY":99}},{"name":"med/pink_2","transform":{"x":32.5,"y":4.5,"skX":99,"skY":99}},{"name":"med/pink_0","transform":{"x":32.5,"y":4.5,"skX":99,"skY":99}}]},{"name":"arm_R","display":[{"name":"arm_R","transform":{"x":17.84,"y":2.2,"skX":-26.04,"skY":-26.04}}]},{"name":"head___","display":[{"type":"mesh","name":"head___","width":131,"height":136,"path":"head","vertices":[-71.21,-280.78,60.29,-280.78,-71.21,-144.78,60.29,-144.78,35.85,-144.78,49.12,-162.26,50.32,-175.31,56,-178.16,60.29,-187.16,60.29,-204.96,55.05,-207.56,55.52,-217.31,60.29,-229.16,60.29,-237.01,46.05,-240.56,42.25,-253.13,38.45,-266.44,27.55,-280.78,-5.2,-280.78,-28.45,-275.43,-46.48,-262.39,-57.4,-246.73,-61.18,-233.46,-65.7,-228.23,-68.78,-223.49,-66.4,-214.23,-61.43,-198.81,-71.21,-196.91,-71.21,-175.56,-65.23,-169.38,-57.63,-166.06,-51.45,-164.64,-49.08,-156.11,-40.08,-147.56,-27.25,-144.78,-0.3,-144.78,2.18,-144.78,24.87,-209.86,33.3,-204.71,37.52,-198.06,35.07,-184.36,24.93,-171.96,15.93,-175.71,11.85,-180.21,6.83,-196.94,10.8,-207.14,19.07,-209.51,-6.35,-204.16,-16.05,-208.13,-25.5,-205.64,-31.48,-200.41,-33.73,-191.21,-31.23,-183.01,-28.25,-175.06,-24.53,-171.58,-16.55,-170.59,-8.35,-172.56,-3.62,-179.03,-2.62,-186.99,-3.62,-201.41,-28,-192.46,-19.55,-196.18,-10.35,-198.44,-4.37,-197.43,11.68,-204.61,16.67,-202.13,32.4,-196.53,37.15,-192.71,-39.7,-185.69,-34.03,-171.89,-30.73,-168.61,-38.63,-199.26,-30.73,-207.16,-16.07,-210.87,-4.02,-207.41,10.88,-212.88,27.3,-213.51,40.2,-208.03,42.82,-195.76,37.8,-179.98,34.95,-172.11,17.59,-170.64,10.51,-170.61,8.39,-186.06,-1.12,-182.32,17.69,-144.78,26.64,-144.78,40.61,-151.06,44.92,-156.72,-44.88,-151.98,-33.16,-144.78,8.94,-144.78,-12.51,-144.78,29.6,-177.5,23.43,-199.58,23.13,-175.7,35.45,-189.83],"uvs":[0,0,1,0,0,1,1,1,0.81408,1,0.91503,0.87148,0.92416,0.77552,0.96731,0.75456,1,0.68839,1,0.55751,0.96009,0.53839,0.9637,0.4667,1,0.37956,1,0.32184,0.89165,0.29574,0.86275,0.20328,0.83385,0.10548,0.75096,0,0.50191,0,0.32511,0.03931,0.18804,0.13526,0.10496,0.25034,0.07625,0.34795,0.04184,0.38637,0.01845,0.42129,0.03652,0.48931,0.07435,0.60273,0,0.6167,0,0.77368,0.04545,0.81909,0.10325,0.84353,0.1502,0.85401,0.16826,0.9167,0.23671,0.97956,0.33423,1,0.53918,1,0.55805,1,0.72799,0.52148,0.79528,0.55861,0.82683,0.60732,0.80821,0.70898,0.73105,0.80016,0.6626,0.77331,0.63162,0.73949,0.5934,0.61651,0.62362,0.54151,0.68597,0.52148,0.4932,0.56339,0.41943,0.53416,0.34756,0.55254,0.30212,0.59096,0.28501,0.65861,0.30402,0.7189,0.32665,0.77736,0.35498,0.80291,0.41563,0.81026,0.478,0.79574,0.51394,0.74813,0.52154,0.68967,0.51393,0.58361,0.32855,0.64942,0.39281,0.62203,0.46278,0.60548,0.50822,0.61284,0.63027,0.56008,0.66829,0.57743,0.78787,0.61927,0.82398,0.64758,0.23957,0.69923,0.28272,0.8007,0.30782,0.82478,0.24774,0.59942,0.30783,0.54133,0.41926,0.51402,0.51094,0.5395,0.62424,0.49924,0.74908,0.49463,0.84717,0.5349,0.86713,0.62515,0.82893,0.74115,0.80727,0.79905,0.67752,0.81319,0.62086,0.81332,0.60527,0.69539,0.53298,0.72395,0.67605,1,0.74411,1,0.85034,0.95384,0.88306,0.91218,0.20019,0.94703,0.28935,1,0.60951,1,0.44638,1,0.76658,0.7594,0.71963,0.59653,0.71506,0.77276,0.81107,0.66643],"triangles":[6,5,7,10,78,9,11,10,9,14,11,12,11,9,12,9,78,8,78,7,8,14,12,13,15,14,13,17,16,1,15,13,1,16,15,1,5,88,3,88,87,3,8,7,3,7,5,3,0,19,18,76,77,14,78,79,6,14,77,11,11,77,10,77,78,10,78,6,7,96,40,67,67,40,79,67,79,78,80,5,6,79,80,6,80,88,5,77,39,78,15,76,14,75,76,15,80,87,88,80,41,87,38,39,77,39,67,78,16,18,15,18,75,15,76,38,77,66,67,39,93,80,79,17,18,16,38,66,39,40,93,79,66,96,67,81,85,86,66,94,96,96,94,40,94,93,40,93,41,80,43,95,94,94,95,93,76,37,38,94,66,38,37,94,38,83,43,94,75,46,76,95,41,93,46,94,37,46,37,76,43,42,95,65,83,94,46,65,94,19,73,18,44,83,65,82,91,85,95,81,41,42,81,95,64,65,46,45,64,46,75,45,46,42,82,81,64,44,65,43,82,42,19,20,73,45,44,64,56,92,35,20,21,73,47,59,74,58,57,84,21,72,73,61,57,58,62,61,58,63,62,58,47,62,59,55,56,57,61,55,57,48,47,74,73,48,74,59,62,63,61,52,55,52,53,55,48,62,47,60,52,61,70,34,55,33,2,90,21,22,72,54,70,55,53,54,55,48,61,62,72,49,73,73,49,48,49,61,48,70,90,34,49,50,61,50,60,61,89,33,70,33,90,70,53,70,54,51,52,60,72,50,49,22,25,72,69,70,53,0,20,19,50,51,60,52,69,53,31,32,69,68,69,52,51,68,52,71,51,50,25,71,72,71,50,72,69,32,70,32,89,70,71,68,51,68,31,69,23,25,22,30,31,68,89,2,33,26,68,71,25,26,71,29,30,68,26,29,68,28,29,26,32,2,89,0,21,20,31,30,32,30,2,32,24,25,23,27,28,26,23,22,21,0,23,21,29,2,30,0,24,23,25,27,26,28,2,29,24,27,25,0,27,24,55,92,56,56,92,35,55,34,92,87,4,3,86,4,87,41,86,87,41,81,86,82,85,81,81,85,86,82,91,85,36,91,82,18,73,74,59,63,58,74,59,84,18,74,84,59,58,84,18,84,36,84,57,36,56,35,36,57,56,36,18,44,75,83,82,43,44,45,75,83,36,82,44,36,83,18,36,44],"weights":[2,8,0.543049,10,0.456951,2,8,0.52586,13,0.47414,3,3,0.204706,10,0.659818,8,0.135477,3,3,0.256136,13,0.58336,8,0.160504,4,3,0.3912,13,0.394653,8,0.145334,10,0.068813,4,3,0.123627,13,0.753796,8,0.089907,10,0.03267,4,3,0.038053,13,0.917849,8,0.033788,10,0.01031,3,3,0.048815,13,0.905775,8,0.04541,3,3,0.030868,13,0.938895,8,0.030238,3,3,0.017509,13,0.964216,8,0.018276,3,3,0.024189,13,0.949691,8,0.02612,3,3,0.077641,13,0.828641,8,0.093718,3,3,0.129964,13,0.692065,8,0.177972,3,3,0.156188,13,0.604143,8,0.239668,3,3,0.179552,13,0.45501,8,0.365438,3,3,0.187215,8,0.46767,13,0.345115,3,3,0.192117,8,0.518187,13,0.289696,3,3,0.197028,8,0.565281,13,0.237692,2,3,0.216381,8,0.783619,3,3,0.19495,8,0.623967,10,0.181083,3,3,0.205122,8,0.52839,10,0.266488,3,3,0.203651,8,0.404833,10,0.391517,3,3,0.184522,10,0.519212,8,0.296267,3,3,0.1631,10,0.605729,8,0.231171,3,3,0.141123,10,0.675498,8,0.183378,3,3,0.102085,10,0.777524,8,0.120391,3,3,0.028508,10,0.941764,8,0.029728,3,3,0.020719,10,0.958028,8,0.021252,3,3,0.037177,10,0.927985,8,0.034837,3,3,0.052642,10,0.90149,8,0.045868,3,3,0.053232,10,0.903997,8,0.042771,4,3,0.047036,10,0.904187,8,0.035141,13,0.013636,4,3,0.122469,10,0.770101,8,0.075202,13,0.032229,4,3,0.286473,10,0.539965,8,0.117664,13,0.055898,4,3,0.537727,10,0.282945,8,0.118553,13,0.060775,4,3,0.998248,8,0.000689,13,0.000531,10,0.000531,4,3,0.986695,8,0.00519,13,0.004325,10,0.003791,4,3,0.256234,8,0.409269,13,0.291166,10,0.043332,4,3,0.158435,13,0.622093,8,0.187352,10,0.03212,4,3,0.084232,13,0.812301,8,0.086582,10,0.016885,4,3,0.028181,13,0.941108,8,0.025474,10,0.005237,4,3,0.147364,13,0.723499,8,0.106571,10,0.022566,4,3,0.560996,8,0.223039,13,0.180937,10,0.035027,4,3,0.680087,8,0.259623,13,0.044492,10,0.015798,4,3,0.315444,8,0.653035,13,0.021865,10,0.009657,4,3,0.212647,8,0.710228,13,0.055931,10,0.021194,4,3,0.265932,8,0.534376,13,0.162267,10,0.037426,4,3,0.112967,8,0.864315,10,0.012183,13,0.010536,4,3,0.245797,8,0.641001,10,0.07567,13,0.037531,4,3,0.298197,8,0.445208,10,0.202399,13,0.054195,4,3,0.34,10,0.52,8,0.09,13,0.05,3,3,0.32,8,0.59,13,0.09,4,3,0.187227,10,0.608213,8,0.170151,13,0.034409,4,3,0.239303,10,0.556184,8,0.166298,13,0.038215,4,3,0.351697,10,0.410481,8,0.191701,13,0.046121,4,3,0.591777,8,0.195893,10,0.167861,13,0.044469,4,3,0.833985,8,0.107872,10,0.036981,13,0.021163,2,3,0.85,8,0.15,4,3,0.854201,8,0.139185,13,0.003369,10,0.003246,2,3,0.17,8,0.83,4,3,0.289806,10,0.363105,8,0.30013,13,0.046959,4,3,0.374407,8,0.437871,10,0.145674,13,0.042048,4,3,0.24,8,0.72,10,0.03,13,0.01,4,3,0.157045,8,0.830744,10,0.00625,13,0.005961,4,3,0.286728,8,0.636857,13,0.056657,10,0.019758,4,3,0.19,8,0.27,13,0.13,10,0.41,4,3,0.237435,13,0.478787,8,0.250325,10,0.033453,4,3,0.071662,13,0.843934,8,0.070978,10,0.013426,1,3,1,1,3,1,1,3,1,1,3,1,1,3,1,1,3,1,1,3,1,1,3,1,1,3,1,1,3,1,1,3,1,1,3,1,1,3,1,1,3,1,1,3,1,1,3,1,1,3,1,1,3,1,1,3,1,1,3,1,1,3,1,1,3,1,1,3,1,1,3,1,1,3,1,1,3,1,1,3,1,1,3,1,1,3,1],"slotPose":[1,0,0,1,0,0],"bonePose":[3,0.030989,-0.99952,0.99952,0.030989,0.183083,-145.675,8,-0.035511,-0.999369,0.999369,-0.035511,1.2,-193.35,13,0.613009,-0.790076,0.790076,0.613009,42.975,-180.85,10,-0.80717,-0.590319,0.590319,-0.80717,-45.375,-175.1],"edges":[8,3,9,8,12,9,1,13,13,12,17,1,0,18,18,17,27,0,2,28,28,27,3,86,86,85,34,90,90,2,85,91,91,35,35,92,92,34],"userEdges":[34,36,36,4,18,36,69,70,4,87,87,88,88,5,43,82,43,42,42,95,40,93,67,96]}]},{"name":"shoulder_R","display":[{"name":"shoulder_R","transform":{"x":25.15,"y":-5.2,"skX":-144.29,"skY":-144.29}}]},{"name":"blue","display":[{"name":"med/blue","transform":{"x":32.5,"y":4.5,"skX":99,"skY":99}},{"name":"med/blue_1","transform":{"x":32.5,"y":4.5,"skX":99,"skY":99}},{"name":"med/blue_2","transform":{"x":32.5,"y":4.5,"skX":99,"skY":99}},{"name":"med/blue_0","transform":{"x":32.5,"y":4.5,"skX":99,"skY":99}}]},{"name":"red","display":[{"name":"med/red","transform":{"x":32.5,"y":4.5,"skX":99,"skY":99}},{"name":"med/red_1","transform":{"x":32.5,"y":4.5,"skX":99,"skY":99}},{"name":"med/red_2","transform":{"x":32.5,"y":4.5,"skX":99,"skY":99}},{"name":"med/red_0","transform":{"x":32.5,"y":4.5,"skX":99,"skY":99}}]},{"name":"body","display":[{"name":"body","transform":{"x":25.82,"y":0.04,"skX":89.28,"skY":89.28}}]},{"name":"brown","display":[{"name":"med/brown","transform":{"x":32.5,"y":4.5,"skX":99,"skY":99}},{"name":"med/brown_1","transform":{"x":32.5,"y":4.5,"skX":99,"skY":99}},{"name":"med/brown_2","transform":{"x":32.5,"y":4.5,"skX":99,"skY":99}},{"name":"med/brown_0","transform":{"x":32.5,"y":4.5,"skX":99,"skY":99}}]},{"name":"medicine_2","display":[{"name":"medicine_2","transform":{"x":40.65,"y":-2.47,"skX":-3.96,"skY":-3.96}},{"name":"medicine_1","transform":{"x":40.65,"y":-2.47,"skX":-3.96,"skY":-3.96}},{"name":"medicine_3","transform":{"x":40.65,"y":-2.47,"skX":-3.96,"skY":-3.96}},{"name":"medicine_5","transform":{"x":40.65,"y":-2.47,"skX":-3.96,"skY":-3.96}},{"name":"medicine_7","transform":{"x":40.65,"y":-2.47,"skX":-3.96,"skY":-3.96}},{"name":"medicine_8","transform":{"x":40.65,"y":-2.47,"skX":-3.96,"skY":-3.96}},{"name":"medicine_6","transform":{"x":40.65,"y":-2.47,"skX":-3.96,"skY":-3.96}},{"name":"medicine_4","transform":{"x":40.65,"y":-2.47,"skX":-3.96,"skY":-3.96}}]},{"name":"arm_L","display":[{"name":"arm_L","transform":{"x":9.61,"y":-9.28,"skX":55.1,"skY":55.1}}]},{"name":"green","display":[{"name":"med/green","transform":{"x":32.5,"y":4.5,"skX":99,"skY":99}},{"name":"med/green_1","transform":{"x":32.5,"y":4.5,"skX":99,"skY":99}},{"name":"med/green_2","transform":{"x":32.5,"y":4.5,"skX":99,"skY":99}},{"name":"med/green_0","transform":{"x":32.5,"y":4.5,"skX":99,"skY":99}}]}]}],"animation":[{"duration":58,"playTimes":0,"name":"nayao","bone":[{"name":"body","translateFrame":[{"duration":4,"tweenEasing":0,"y":7.79},{"duration":4,"tweenEasing":0,"y":15},{"duration":6,"tweenEasing":0,"y":-6.12},{"duration":10,"tweenEasing":0,"y":4.9},{"duration":34}],"rotateFrame":[{"duration":19,"tweenEasing":0},{"tweenEasing":0,"rotate":-7},{"duration":4,"tweenEasing":0,"rotate":-14.37},{"duration":34}]},{"name":"head___","rotateFrame":[{"duration":10,"tweenEasing":0},{"duration":6,"tweenEasing":0,"rotate":-13.94},{"duration":4,"tweenEasing":0,"rotate":-13.94},{"duration":4,"tweenEasing":0,"rotate":-18.88},{"duration":2,"tweenEasing":0},{"duration":2,"tweenEasing":0,"rotate":10.77},{"duration":4,"tweenEasing":0},{"duration":18,"tweenEasing":0,"rotate":-11.55},{"duration":8}]},{"name":"shoulder_L","rotateFrame":[{"duration":2,"tweenEasing":0},{"duration":6,"tweenEasing":0,"rotate":5.44},{"duration":2,"tweenEasing":0,"rotate":-37.54},{"duration":6,"tweenEasing":0,"rotate":-112.71},{"duration":8,"tweenEasing":0,"rotate":-112.71},{"duration":8,"tweenEasing":0},{"duration":18,"tweenEasing":0,"rotate":-10.11},{"duration":8}]},{"name":"arm_L","translateFrame":[{"duration":10,"tweenEasing":0},{"duration":6,"tweenEasing":0,"x":1,"y":3.5},{"duration":8,"tweenEasing":0,"x":1,"y":3.5},{"duration":34}],"rotateFrame":[{"duration":2,"tweenEasing":0},{"duration":2,"tweenEasing":0,"rotate":-8.08},{"duration":4,"tweenEasing":0,"rotate":-18.14},{"duration":2,"tweenEasing":0,"rotate":40.54},{"duration":6,"tweenEasing":0,"rotate":100.97},{"duration":8,"tweenEasing":0,"rotate":100.97},{"duration":8,"tweenEasing":0,"rotate":-17.78},{"duration":4,"tweenEasing":0,"rotate":4.76},{"duration":4,"tweenEasing":0,"rotate":12.43},{"duration":10,"tweenEasing":0,"rotate":-16.51},{"duration":8}]},{"name":"hand_L","translateFrame":[{"duration":10,"tweenEasing":0},{"duration":4,"tweenEasing":0},{"tweenEasing":0,"x":1.17,"y":0.63},{"duration":9,"tweenEasing":0,"x":6,"y":0.11},{"duration":8,"tweenEasing":0,"x":1.62,"y":4.37},{"duration":2,"tweenEasing":0,"x":5.33,"y":0.69},{"tweenEasing":0,"x":7.64,"y":-1.38},{"tweenEasing":0,"x":6.72,"y":-2.6},{"duration":4,"tweenEasing":0,"x":7.62,"y":-3.54},{"duration":4,"tweenEasing":0,"x":1.82,"y":-6.64},{"duration":6,"tweenEasing":0,"x":-1.03,"y":-1.57},{"duration":8}],"rotateFrame":[{"duration":2,"tweenEasing":0},{"duration":6,"tweenEasing":0,"rotate":15.7},{"duration":10,"tweenEasing":0,"rotate":-16.73},{"duration":6,"tweenEasing":0,"rotate":14.11},{"duration":8,"tweenEasing":0,"rotate":52.07},{"duration":8,"tweenEasing":0,"rotate":3.35},{"duration":10,"tweenEasing":0,"rotate":-53.63},{"duration":8}]},{"name":"shoulder_R","rotateFrame":[{"tweenEasing":0},{"duration":3,"tweenEasing":0,"rotate":8.76},{"duration":4,"tweenEasing":0,"rotate":20.41},{"duration":11,"tweenEasing":0,"rotate":-0.59},{"duration":5,"tweenEasing":0,"rotate":27.34},{"duration":8,"tweenEasing":0},{"duration":4,"tweenEasing":0,"rotate":10.1},{"duration":14,"tweenEasing":0,"rotate":-17.58},{"duration":8}]},{"name":"arm_R","translateFrame":[{"duration":9,"tweenEasing":0},{"tweenEasing":0,"x":0.15,"y":-3.5},{"duration":6,"tweenEasing":0,"x":2,"y":-2.5},{"duration":8,"tweenEasing":0,"x":2,"y":-2.5},{"duration":34}],"rotateFrame":[{"duration":2,"tweenEasing":0},{"duration":2,"tweenEasing":0,"rotate":9.71},{"duration":4,"tweenEasing":0,"rotate":34.52},{"duration":2,"tweenEasing":0,"rotate":115.97},{"duration":6,"tweenEasing":0,"rotate":65.45},{"duration":8,"tweenEasing":0,"rotate":65.45},{"duration":8,"tweenEasing":0,"rotate":15.04},{"duration":4,"tweenEasing":0,"rotate":22.87},{"duration":4,"tweenEasing":0,"rotate":5.39},{"duration":5,"tweenEasing":0,"rotate":5.65},{"duration":3,"tweenEasing":0,"rotate":-9.35},{"duration":10}]},{"name":"hand_R","translateFrame":[{"duration":2,"tweenEasing":0},{"duration":2,"tweenEasing":0,"x":3.56,"y":3.98},{"duration":20,"tweenEasing":0,"x":3.5,"y":2.2},{"duration":10,"tweenEasing":0},{"duration":3,"tweenEasing":0,"x":4.62,"y":0.18},{"duration":3,"tweenEasing":0,"x":2.93,"y":1.44},{"duration":8,"tweenEasing":0,"x":4.95,"y":0.86},{"duration":10}],"rotateFrame":[{"duration":2,"tweenEasing":0},{"duration":2,"tweenEasing":0,"rotate":-66.86},{"duration":4,"tweenEasing":0,"rotate":-42.7},{"duration":2,"tweenEasing":0,"rotate":-38.09},{"duration":6,"tweenEasing":0,"rotate":17.12},{"duration":8,"tweenEasing":0,"rotate":17.12},{"duration":8,"tweenEasing":0,"rotate":8.64},{"duration":13,"tweenEasing":0,"rotate":-11.57},{"duration":3,"tweenEasing":0,"rotate":-35.57},{"duration":10}]},{"name":"legs","translateFrame":[{"duration":4,"tweenEasing":0},{"duration":4,"tweenEasing":0,"x":13.5},{"duration":11,"tweenEasing":0,"x":3.46,"y":0.31},{"tweenEasing":0,"x":1.5},{"duration":4,"tweenEasing":0,"x":-6.34,"y":-1.83},{"duration":34}],"rotateFrame":[{"tweenEasing":0},{"duration":18,"tweenEasing":0,"rotate":0.26},{"tweenEasing":0,"rotate":12.83},{"duration":4,"tweenEasing":0,"rotate":20.64},{"duration":34}]},{"name":"medicine","translateFrame":[{"duration":7,"tweenEasing":0,"x":252.35,"y":-207.53},{"duration":2,"tweenEasing":0,"x":252.35,"y":-207.53},{"duration":5,"tweenEasing":0,"x":155.88,"y":-176.24},{"tweenEasing":0,"x":128.2,"y":-138.21},{"duration":3,"tweenEasing":0,"x":130.08,"y":-135.29},{"duration":2,"tweenEasing":0,"x":145.7,"y":-123.86},{"duration":4,"tweenEasing":0,"x":140.04,"y":-108.54},{"duration":6,"tweenEasing":0,"x":145.17,"y":-47.55},{"duration":3,"tweenEasing":0,"x":151.33,"y":-59.83},{"duration":3,"tweenEasing":0,"x":151.33,"y":-62.39},{"tweenEasing":0,"x":143.12,"y":-62.39},{"duration":3,"tweenEasing":0,"x":138.02,"y":-62.39},{"duration":3,"tweenEasing":0,"x":104.64,"y":-62.39},{"duration":2,"tweenEasing":0,"x":59.28,"y":-37.88},{"duration":3,"tweenEasing":0,"x":43.92,"y":-10.64},{"tweenEasing":0,"x":7.92,"y":5.36},{"tweenEasing":0,"x":7.92,"y":14.96},{"duration":8,"x":3.92,"y":4.46}],"rotateFrame":[{"duration":7,"tweenEasing":0,"rotate":-93.96},{"duration":2,"tweenEasing":0,"rotate":-93.96},{"duration":5,"tweenEasing":0,"rotate":-100.69},{"duration":4,"tweenEasing":0,"rotate":-124.69},{"duration":2,"tweenEasing":0,"rotate":-113.94},{"duration":4,"tweenEasing":0,"rotate":-103.69},{"duration":6,"tweenEasing":0,"rotate":-77.69},{"duration":3,"tweenEasing":0,"rotate":-101.69},{"duration":3,"tweenEasing":0,"rotate":-110.69},{"duration":4,"tweenEasing":0,"rotate":-146.69},{"duration":3,"tweenEasing":0,"rotate":-152.69},{"duration":2,"tweenEasing":0,"rotate":-60.69},{"duration":3,"tweenEasing":0,"rotate":-25.69},{"duration":2,"tweenEasing":0,"rotate":-16.69},{"duration":8,"rotate":-2.69}]}],"slot":[{"name":"hand_L","displayFrame":[{"duration":15},{"duration":29,"value":2},{"duration":14}]},{"name":"hand_R","displayFrame":[{"duration":45,"value":2},{"duration":13}]}],"ffd":[{"name":"head___","slot":"head___","frame":[{"duration":11,"tweenEasing":0,"offset":120,"vertices":[-0.2,-0.05,0.22,0.05,-0.22,-0.05]},{"tweenEasing":0,"offset":78,"vertices":[-0.76,0.14,-1.62,0.33,0,0,0.96,-4.53,2.32,-0.38,0.59,-0.11,-0.61,2.23,0,0,0,0,0,0,0,0,0,0,0,0,0,0,0,0,0.52,-2.29,-0.46,-2.44,-0.19,-1.03,0,0,0,0,0,0,1.69,9.07,2.15,11.53,1.69,9.07,0,0,0,0,-7.01,5.53,-4.66,9.26,-1.21,0.23,0,0,0,0,0,0,0,0,0,0,0,0,0,0,0,0,0,0,0,0,0,0,0,0,0,0,0,0,0,0,0.2,-0.04,0,0,0,0,0,0,0,0,0,0,0,0,0,0,0,0,0,0,-0.38,-2.02,-4.51,10.74,0.01,-1.33,-2.17,5.29]},{"tweenEasing":0,"offset":90,"vertices":[-0.66,11.12,0,0,1.46,-0.34,0,0,0,0,-1.66,0.39,0,0,3.86,4.85,1.17,-0.28,-0.53,-2.24,-0.53,-2.24,0.13,-0.67,-3.43,0.81,-2.73,3.93,0,0,2.11,16.38,4.1,19.48,3.31,16.1,1.36,6.57,0,0,-7.93,13.08,-0.88,15.56,1.01,4.31,0,0,0,0,0,0,0,0,0,0,0,0,0,0,0,0,0,0,0,0,0,0,0,0,0,0,0,0,0,0,0,0,0,0,0,0,0,0,0,0,0,0,0,0,0,0,0,0,0,0,-0.37,-1.56,-5.24,21.95,0,0,0.97,4.12]},{"duration":2,"tweenEasing":0,"offset":84,"vertices":[-0.81,-4.02,0,0,0,0,-2.43,12.89,0,0,1.46,-0.34,0,0,0,0,-1.66,0.39,0,0,3.86,4.85,1.17,-0.28,0.52,-4.29,-0.78,-3.52,0.13,-0.67,-3.43,0.81,-2.73,3.93,0,0,2.11,16.38,4.51,21.54,3.96,19.33,1.36,6.57,-2.47,12.71,-4.51,19.68,2.34,11.59,0,0,0,0,0,0,0,0,0,0,0,0,0,0,0,0,0,0,0,0,0,0,0,0,0,0,0,0,0,0,0,0,0,0,0,0,0,0,0,0,0,0,0,0,0,0,0,0,0,0,0,0,-1.96,0.4,4.42,21.91,-0.52,-2.17,0.41,2.04]},{"duration":19,"tweenEasing":0,"offset":120,"vertices":[-0.2,-0.05,0.22,0.05,-0.22,-0.05]},{"duration":9,"tweenEasing":0,"offset":120,"vertices":[-0.2,-0.05,0.22,0.05,-0.22,-0.05]},{"tweenEasing":0,"offset":78,"vertices":[-0.76,0.14,-1.62,0.33,0,0,0.96,-4.53,2.32,-0.38,0.59,-0.11,-0.61,2.23,0,0,0,0,0,0,0,0,0,0,0,0,0,0,0,0,0.52,-2.29,-0.46,-2.44,-0.19,-1.03,0,0,0,0,0,0,1.69,9.07,2.15,11.53,1.69,9.07,0,0,0,0,-7.01,5.53,-4.66,9.26,-1.21,0.23,0,0,0,0,0,0,0,0,0,0,0,0,0,0,0,0,0,0,0,0,0,0,0,0,0,0,0,0,0,0,0.2,-0.04,0,0,0,0,0,0,0,0,0,0,0,0,0,0,0,0,0,0,-0.38,-2.02,-4.51,10.74,0.01,-1.33,-2.17,5.29]},{"tweenEasing":0,"offset":90,"vertices":[-0.66,11.12,0,0,1.46,-0.34,0,0,0,0,-1.66,0.39,0,0,3.86,4.85,1.17,-0.28,-0.53,-2.24,-0.53,-2.24,0.13,-0.67,-3.43,0.81,-2.73,3.93,0,0,2.11,16.38,4.1,19.48,3.31,16.1,1.36,6.57,0,0,-7.93,13.08,-0.88,15.56,1.01,4.31,0,0,0,0,0,0,0,0,0,0,0,0,0,0,0,0,0,0,0,0,0,0,0,0,0,0,0,0,0,0,0,0,0,0,0,0,0,0,0,0,0,0,0,0,0,0,0,0,0,0,-0.37,-1.56,-5.24,21.95,0,0,0.97,4.12]},{"duration":4,"tweenEasing":0,"offset":84,"vertices":[-0.81,-4.02,0,0,0,0,-2.43,12.89,0,0,1.46,-0.34,0,0,0,0,-1.66,0.39,0,0,3.86,4.85,1.17,-0.28,0.52,-4.29,-0.78,-3.52,0.13,-0.67,-3.43,0.81,-2.73,3.93,0,0,2.11,16.38,4.51,21.54,3.96,19.33,1.36,6.57,-2.47,12.71,-4.51,19.68,2.34,11.59,0,0,0,0,0,0,0,0,0,0,0,0,0,0,0,0,0,0,0,0,0,0,0,0,0,0,0,0,0,0,0,0,0,0,0,0,0,0,0,0,0,0,0,0,0,0,0,0,0,0,0,0,-1.96,0.4,4.42,21.91,-0.52,-2.17,0.41,2.04]},{"duration":9,"offset":120,"vertices":[-0.2,-0.05,0.22,0.05,-0.22,-0.05]}]}],"zOrder":{"frame":[{"duration":36,"zOrder":[5,4,8,0]},{"duration":6,"zOrder":[0,1,5,4,9,-3]},{"duration":7,"zOrder":[0,1,5,4,9,-4]},{"duration":9,"zOrder":[5,4,8,0]}]}},{"duration":25,"playTimes":0,"name":"shifa","bone":[{"name":"body","rotateFrame":[{"duration":5,"tweenEasing":0,"rotate":-3},{"duration":10,"tweenEasing":0,"rotate":-0.91},{"duration":10,"tweenEasing":0,"rotate":3.25},{"duration":0,"rotate":-3}]},{"name":"medicine","translateFrame":[{"duration":25,"x":-205.48}]},{"name":"head___","rotateFrame":[{"duration":5,"tweenEasing":0,"rotate":-10},{"duration":5,"tweenEasing":0,"rotate":1},{"duration":10,"tweenEasing":0,"rotate":12},{"duration":5,"rotate":-10}]},{"name":"shoulder_L","rotateFrame":[{"duration":2},{"duration":2,"tweenEasing":0,"rotate":-13.12},{"tweenEasing":0,"rotate":-28.25},{"duration":3,"tweenEasing":0,"rotate":-27.78},{"duration":4,"tweenEasing":0,"rotate":-26.38},{"duration":3,"tweenEasing":0,"rotate":-1.98},{"duration":3,"tweenEasing":0,"rotate":-22.15},{"duration":6,"tweenEasing":0,"rotate":-30.99},{}]},{"name":"shoulder_R","rotateFrame":[{},{"duration":2,"tweenEasing":0},{"duration":2,"tweenEasing":0,"rotate":7.1},{"duration":4,"tweenEasing":0,"rotate":-0.18},{"duration":4,"tweenEasing":0,"rotate":-14.74},{"duration":2,"tweenEasing":0,"rotate":-11.05},{"duration":10,"tweenEasing":0,"rotate":-6.97},{"duration":0}]},{"name":"arm_L","translateFrame":[{"duration":4},{"duration":4,"tweenEasing":0,"x":0.26,"y":0.92},{"duration":4,"tweenEasing":0,"x":-1.34,"y":1.32},{"duration":3,"tweenEasing":0,"x":-1.58,"y":1.03},{"duration":9,"tweenEasing":0,"x":-0.32,"y":0.95},{"x":-0.3,"y":0.55}],"rotateFrame":[{"duration":2},{"duration":2,"tweenEasing":0,"rotate":13.07},{"tweenEasing":0,"rotate":32.85},{"duration":3,"tweenEasing":0,"rotate":21.3},{"duration":4,"tweenEasing":0,"rotate":-13.34},{"duration":3,"tweenEasing":0,"rotate":-9.76},{"duration":3,"tweenEasing":0,"rotate":21.03},{"duration":6,"tweenEasing":0,"rotate":-6.66},{"rotate":0.97}]},{"name":"arm_R","translateFrame":[{"duration":8},{"tweenEasing":0},{"duration":5,"tweenEasing":0,"x":-0.41,"y":-1.79},{"duration":11,"x":-0.11,"y":0.82}],"rotateFrame":[{"duration":2},{"duration":2,"tweenEasing":0,"rotate":-51.92},{"tweenEasing":0,"rotate":-77.17},{"duration":3,"tweenEasing":0,"rotate":-96.93},{"duration":6,"tweenEasing":0,"rotate":-156.22},{"duration":10,"tweenEasing":0,"rotate":-101.7},{}]},{"name":"hand_L","translateFrame":[{"duration":7},{"duration":5,"tweenEasing":0,"y":-3.5},{"duration":4,"tweenEasing":0},{"duration":3,"tweenEasing":0,"y":-2.5},{"duration":3,"tweenEasing":0,"y":2},{"duration":3,"y":-4}],"rotateFrame":[{"duration":5,"tweenEasing":0},{"duration":5,"tweenEasing":0,"rotate":23.52},{"duration":2,"tweenEasing":0,"rotate":47.04},{"duration":7,"tweenEasing":0,"rotate":76},{"duration":3,"tweenEasing":0,"rotate":71.67},{"duration":2,"tweenEasing":0,"rotate":2.33},{}]},{"name":"hand_R","translateFrame":[{"duration":6,"tweenEasing":0},{"duration":6,"tweenEasing":0,"x":8.5,"y":-2},{"duration":5,"tweenEasing":0,"x":17,"y":0.5},{"duration":3,"tweenEasing":0,"x":10,"y":-2},{"duration":5,"x":7.5,"y":-2.5}],"rotateFrame":[{"duration":2,"tweenEasing":0},{"tweenEasing":0,"rotate":21.69},{"duration":2,"tweenEasing":0,"rotate":29.79},{"tweenEasing":0,"rotate":46.34},{"duration":6,"tweenEasing":0,"rotate":54.62},{"duration":11,"tweenEasing":0,"rotate":118.83},{"tweenEasing":0,"rotate":9.9},{}]}],"slot":[{"name":"hand_R","displayFrame":[{"duration":25,"value":1}]}],"ffd":[{"name":"head___","slot":"head___","frame":[{"duration":9,"tweenEasing":0,"offset":120,"vertices":[-0.2,-0.05,0.22,0.05,-0.22,-0.05]},{"tweenEasing":0,"offset":78,"vertices":[-0.76,0.14,-1.62,0.33,0,0,0.96,-4.53,2.32,-0.38,0.59,-0.11,-0.61,2.23,0,0,0,0,0,0,0,0,0,0,0,0,0,0,0,0,0.52,-2.29,-0.46,-2.44,-0.19,-1.03,0,0,0,0,0,0,1.69,9.07,2.15,11.53,1.69,9.07,0,0,0,0,-7.01,5.53,-4.66,9.26,-1.21,0.23,0,0,0,0,0,0,0,0,0,0,0,0,0,0,0,0,0,0,0,0,0,0,0,0,0,0,0,0,0,0,0.2,-0.04,0,0,0,0,0,0,0,0,0,0,0,0,0,0,0,0,0,0,-0.38,-2.02,-4.51,10.74,0.01,-1.33,-2.17,5.29]},{"tweenEasing":0,"offset":90,"vertices":[-0.66,11.12,0,0,1.46,-0.34,0,0,0,0,-1.66,0.39,0,0,3.86,4.85,1.17,-0.28,-0.53,-2.24,-0.53,-2.24,0.13,-0.67,-3.43,0.81,-2.73,3.93,0,0,2.11,16.38,4.1,19.48,3.31,16.1,1.36,6.57,0,0,-7.93,13.08,-0.88,15.56,1.01,4.31,0,0,0,0,0,0,0,0,0,0,0,0,0,0,0,0,0,0,0,0,0,0,0,0,0,0,0,0,0,0,0,0,0,0,0,0,0,0,0,0,0,0,0,0,0,0,0,0,0,0,-0.37,-1.56,-5.24,21.95,0,0,0.97,4.12]},{"duration":4,"tweenEasing":0,"offset":84,"vertices":[-0.81,-4.02,0,0,0,0,-2.43,12.89,0,0,1.46,-0.34,0,0,0,0,-1.66,0.39,0,0,3.86,4.85,1.17,-0.28,0.52,-4.29,-0.78,-3.52,0.13,-0.67,-3.43,0.81,-2.73,3.93,0,0,2.11,16.38,4.51,21.54,3.96,19.33,1.36,6.57,-2.47,12.71,-4.51,19.68,2.34,11.59,0,0,0,0,0,0,0,0,0,0,0,0,0,0,0,0,0,0,0,0,0,0,0,0,0,0,0,0,0,0,0,0,0,0,0,0,0,0,0,0,0,0,0,0,0,0,0,0,0,0,0,0,-1.96,0.4,4.42,21.91,-0.52,-2.17,0.41,2.04]},{"duration":10,"offset":120,"vertices":[-0.2,-0.05,0.22,0.05,-0.22,-0.05]}]}],"zOrder":{"frame":[{"duration":25,"zOrder":[5,4,8,0]}]}},{"duration":63,"playTimes":0,"name":"daoyao","bone":[{"name":"root","rotateFrame":[{"duration":28,"tweenEasing":0},{"duration":35,"tweenEasing":0,"rotate":-0.33},{"duration":0}]},{"name":"body","rotateFrame":[{"duration":10,"tweenEasing":0},{"duration":5,"tweenEasing":0,"rotate":-9.96},{"duration":13,"tweenEasing":0,"rotate":4},{"duration":13,"tweenEasing":0,"rotate":1.67},{"duration":22}]},{"name":"medicine","translateFrame":[{"duration":3,"tweenEasing":0},{"duration":2,"tweenEasing":0,"x":0.33,"y":-10.55},{"tweenEasing":0,"x":0.55,"y":-25.08},{"tweenEasing":0,"x":0.09,"y":-32.38},{"tweenEasing":0,"x":-0.36,"y":-33.58},{"duration":3,"tweenEasing":0,"x":0.01,"y":-38.11},{"duration":4,"tweenEasing":0,"y":-46.63},{"duration":4,"tweenEasing":0,"y":-23.23},{"duration":2,"tweenEasing":0,"x":11.5,"y":-21},{"duration":7,"tweenEasing":0,"y":-20.63},{"duration":13,"tweenEasing":0,"y":-64.13},{"duration":17,"tweenEasing":0,"y":-64.13},{"duration":5,"tweenEasing":0,"x":4,"y":-17.57},{"duration":0}],"rotateFrame":[{"duration":11,"tweenEasing":0},{"duration":4,"tweenEasing":0,"rotate":23},{"duration":4,"tweenEasing":0,"rotate":-1.6},{"duration":2,"tweenEasing":0,"rotate":-8.2},{"duration":7,"tweenEasing":0,"rotate":-1},{"duration":13,"tweenEasing":0,"rotate":45.95},{"duration":12,"tweenEasing":0,"rotate":46.27},{"duration":5,"tweenEasing":0,"rotate":-5.96},{"duration":5,"tweenEasing":0,"rotate":-29.98},{"duration":0}]},{"name":"head___","rotateFrame":[{"duration":28,"tweenEasing":0},{"duration":13,"tweenEasing":0,"rotate":-0.33},{"duration":22}]},{"name":"legs","rotateFrame":[{"duration":28,"tweenEasing":0},{"duration":35,"rotate":-0.33}]},{"name":"shoulder_L","rotateFrame":[{"duration":8,"tweenEasing":0},{"duration":6,"tweenEasing":0,"rotate":-33},{"duration":7,"tweenEasing":0,"rotate":-3.42},{"duration":7,"tweenEasing":0,"rotate":-23.42},{"duration":13,"tweenEasing":0,"rotate":-1.77},{"duration":16,"tweenEasing":0,"rotate":-1.44},{"duration":6,"tweenEasing":0,"rotate":-18.3},{"duration":0}]},{"name":"shoulder_R","rotateFrame":[{"duration":8,"tweenEasing":0},{"duration":11,"tweenEasing":0,"rotate":45.43},{"duration":2,"tweenEasing":0,"rotate":-14.19},{"duration":7,"tweenEasing":0,"rotate":9.52},{"duration":13,"tweenEasing":0,"rotate":71.34},{"duration":16,"tweenEasing":0,"rotate":71.66},{"duration":6,"tweenEasing":0,"rotate":-2.92},{"duration":0}]},{"name":"arm_L","rotateFrame":[{"duration":8,"tweenEasing":0,"rotate":11.35},{"duration":3,"curve":[0.5,0,0.5,1],"rotate":-35.11},{"duration":3,"curve":[0.5,0,0.5,1],"rotate":-87.11},{"duration":7,"curve":[0.5,0,0.5,1],"rotate":-94.11},{"duration":7,"curve":[0.5,0,0.5,1],"rotate":-28.84},{"duration":13,"curve":[0.5,0,0.5,1],"rotate":45.29},{"duration":22,"curve":[0.5,0,0.5,1],"rotate":45.61},{"duration":0,"rotate":11.35}]},{"name":"head___1","rotateFrame":[{"duration":28,"tweenEasing":0},{"duration":13,"tweenEasing":0,"rotate":-0.33},{"duration":22}]},{"name":"arm_R","rotateFrame":[{"duration":8,"curve":[0.5,0,0.5,1]},{"duration":11,"curve":[0.5,0,0.5,1],"rotate":-37},{"duration":2,"curve":[0,0,0.5,1],"rotate":-21.88},{"duration":6,"tweenEasing":0,"rotate":-22.74},{"tweenEasing":0,"rotate":-42.57},{"duration":2,"tweenEasing":0,"rotate":-42.17},{"duration":13,"curve":[0.5,0,0.5,1],"rotate":-40.41},{"duration":14,"curve":[0.5,0,0.5,1],"rotate":-42.57},{"curve":[0.5,0,1,1],"rotate":-52.71},{"duration":5,"tweenEasing":0,"rotate":-59.2},{"duration":0}]},{"name":"hand_L","translateFrame":[{"duration":11,"tweenEasing":0},{"duration":3,"tweenEasing":0,"x":7.5,"y":0.5},{"duration":27,"tweenEasing":0,"x":3,"y":0.5},{"duration":22,"tweenEasing":0,"x":3,"y":0.5},{"duration":0}],"rotateFrame":[{"duration":8,"tweenEasing":0},{"duration":3,"tweenEasing":0,"rotate":141},{"duration":3,"tweenEasing":0,"rotate":168.91},{"duration":7,"tweenEasing":0,"rotate":168.91},{"duration":7,"tweenEasing":0,"rotate":110.39},{"duration":13,"tweenEasing":0,"rotate":73.46},{"duration":22,"tweenEasing":0,"rotate":73.79},{"duration":0}]},{"name":"hand_R","rotateFrame":[{"duration":21,"tweenEasing":0},{"duration":7,"tweenEasing":0,"rotate":-7.77},{"duration":13,"tweenEasing":0,"rotate":20.92},{"duration":16,"tweenEasing":0,"rotate":21.24},{"duration":6,"tweenEasing":0,"rotate":21.43},{"duration":0}]},{"name":"bone","rotateFrame":[{"duration":28,"tweenEasing":0},{"duration":13,"tweenEasing":0,"rotate":-0.33},{"duration":22}]},{"name":"head___2","rotateFrame":[{"duration":28,"tweenEasing":0},{"duration":13,"tweenEasing":0,"rotate":-0.33},{"duration":22}]}],"zOrder":{"frame":[{"duration":63,"zOrder":[3,6]}]}},{"duration":0,"playTimes":0,"name":"jingzhidaoyao","bone":[{"name":"root","rotateFrame":[{"duration":0,"rotate":-0.33}]},{"name":"body","rotateFrame":[{"duration":0,"rotate":1.67}]},{"name":"medicine","translateFrame":[{"duration":0,"y":-64.13}],"rotateFrame":[{"duration":0,"rotate":45.95}]},{"name":"head___","rotateFrame":[{"duration":0,"rotate":-0.33}]},{"name":"legs","rotateFrame":[{"duration":0,"rotate":-0.33}]},{"name":"shoulder_L","rotateFrame":[{"duration":0,"rotate":-1.77}]},{"name":"shoulder_R","rotateFrame":[{"duration":0,"rotate":71.34}]},{"name":"arm_L","rotateFrame":[{"duration":0,"rotate":45.29}]},{"name":"head___1","rotateFrame":[{"duration":0,"rotate":-0.33}]},{"name":"arm_R","rotateFrame":[{"duration":0,"rotate":-42.17}]},{"name":"hand_L","rotateFrame":[{"duration":0,"rotate":73.46}]},{"name":"hand_R","rotateFrame":[{"duration":0,"rotate":20.92}]},{"name":"bone","rotateFrame":[{"duration":0,"rotate":-0.33}]},{"name":"head___2","rotateFrame":[{"duration":0,"rotate":-0.33}]}]},{"duration":63,"playTimes":0,"name":"daoyao_black","bone":[{"name":"root","rotateFrame":[{"duration":28,"tweenEasing":0},{"duration":35,"tweenEasing":0,"rotate":-0.33},{"duration":0}]},{"name":"body","rotateFrame":[{"duration":10,"tweenEasing":0},{"duration":5,"tweenEasing":0,"rotate":-9.96},{"duration":13,"tweenEasing":0,"rotate":4},{"duration":13,"tweenEasing":0,"rotate":1.67},{"duration":22}]},{"name":"medicine","translateFrame":[{"duration":2,"tweenEasing":0,"x":10.5,"y":-7},{"tweenEasing":0,"x":0.22,"y":-8.37},{"duration":2,"tweenEasing":0,"x":0.33,"y":-11.55},{"duration":6,"tweenEasing":0,"x":0.24,"y":-29.57},{"duration":4,"tweenEasing":0,"y":-21.63},{"duration":3,"tweenEasing":0,"x":8.5,"y":-23.23},{"duration":4,"tweenEasing":0,"x":28.75,"y":-21.55},{"duration":5,"tweenEasing":0,"x":22.81,"y":-32.14},{"tweenEasing":0,"x":15.38,"y":-54.37},{"tweenEasing":0,"x":6.5,"y":-64.13},{"duration":12,"tweenEasing":0,"x":5.46,"y":-64.13},{"duration":4,"tweenEasing":0,"x":6,"y":-64.13},{"duration":10,"tweenEasing":0,"x":6.94,"y":-46.66},{"duration":3,"tweenEasing":0,"x":9.29,"y":-25.76},{"duration":5,"tweenEasing":0,"x":10,"y":-20.57},{"duration":0,"x":11,"y":-6.5}],"rotateFrame":[{"duration":6,"tweenEasing":0},{"duration":2,"tweenEasing":0,"rotate":3.38},{"duration":3,"tweenEasing":0,"rotate":-4.83},{"tweenEasing":0,"rotate":-13.46},{"duration":2,"tweenEasing":0,"rotate":-16.5},{"tweenEasing":0,"rotate":-13.57},{"duration":3,"tweenEasing":0,"rotate":-11.6},{"duration":10,"tweenEasing":0,"rotate":-18.05},{"duration":13,"tweenEasing":0,"rotate":45.95},{"duration":12,"tweenEasing":0,"rotate":46.27},{"duration":5,"tweenEasing":0,"rotate":-13.96},{"duration":5,"tweenEasing":0,"rotate":-39.98},{"duration":0}]},{"name":"head___","rotateFrame":[{"duration":28,"tweenEasing":0},{"duration":13,"tweenEasing":0,"rotate":-0.33},{"duration":22}]},{"name":"legs","rotateFrame":[{"duration":28,"tweenEasing":0},{"duration":35,"rotate":-0.33}]},{"name":"shoulder_L","rotateFrame":[{"duration":8,"tweenEasing":0},{"duration":6,"tweenEasing":0,"rotate":-33},{"duration":7,"tweenEasing":0,"rotate":-3.42},{"duration":7,"tweenEasing":0,"rotate":-23.42},{"duration":13,"tweenEasing":0,"rotate":-1.77},{"duration":16,"tweenEasing":0,"rotate":-1.44},{"duration":6,"tweenEasing":0,"rotate":-18.3},{"duration":0}]},{"name":"shoulder_R","rotateFrame":[{"duration":8,"tweenEasing":0},{"duration":11,"tweenEasing":0,"rotate":45.43},{"duration":2,"tweenEasing":0,"rotate":-14.19},{"duration":7,"tweenEasing":0,"rotate":9.52},{"duration":13,"tweenEasing":0,"rotate":71.34},{"duration":16,"tweenEasing":0,"rotate":71.66},{"duration":6,"tweenEasing":0,"rotate":-2.92},{"duration":0}]},{"name":"arm_L","rotateFrame":[{"duration":8,"tweenEasing":0,"rotate":11.35},{"duration":3,"curve":[0.5,0,0.5,1],"rotate":-35.11},{"duration":3,"curve":[0.5,0,0.5,1],"rotate":-87.11},{"duration":7,"curve":[0.5,0,0.5,1],"rotate":-94.11},{"duration":7,"curve":[0.5,0,0.5,1],"rotate":-28.84},{"duration":13,"curve":[0.5,0,0.5,1],"rotate":45.29},{"duration":22,"curve":[0.5,0,0.5,1],"rotate":45.61},{"duration":0,"rotate":11.35}]},{"name":"head___1","rotateFrame":[{"duration":28,"tweenEasing":0},{"duration":13,"tweenEasing":0,"rotate":-0.33},{"duration":22}]},{"name":"arm_R","rotateFrame":[{"duration":8,"curve":[0.5,0,0.5,1]},{"duration":11,"curve":[0.5,0,0.5,1],"rotate":-37},{"duration":2,"curve":[0,0,0.5,1],"rotate":-21.88},{"duration":6,"tweenEasing":0,"rotate":-22.74},{"tweenEasing":0,"rotate":-42.57},{"duration":2,"tweenEasing":0,"rotate":-42.17},{"duration":13,"curve":[0.5,0,0.5,1],"rotate":-40.41},{"duration":14,"curve":[0.5,0,0.5,1],"rotate":-42.57},{"curve":[0.5,0,1,1],"rotate":-52.71},{"duration":5,"tweenEasing":0,"rotate":-59.2},{"duration":0}]},{"name":"hand_L","translateFrame":[{"duration":11,"tweenEasing":0},{"duration":3,"tweenEasing":0,"x":7.5,"y":0.5},{"duration":27,"tweenEasing":0,"x":3,"y":0.5},{"duration":22,"tweenEasing":0,"x":3,"y":0.5},{"duration":0}],"rotateFrame":[{"duration":8,"tweenEasing":0},{"duration":3,"tweenEasing":0,"rotate":141},{"duration":3,"tweenEasing":0,"rotate":168.91},{"duration":7,"tweenEasing":0,"rotate":168.91},{"duration":7,"tweenEasing":0,"rotate":110.39},{"duration":13,"tweenEasing":0,"rotate":73.46},{"duration":22,"tweenEasing":0,"rotate":73.79},{"duration":0}]},{"name":"hand_R","rotateFrame":[{"duration":21,"tweenEasing":0},{"duration":7,"tweenEasing":0,"rotate":-7.77},{"duration":13,"tweenEasing":0,"rotate":20.92},{"duration":16,"tweenEasing":0,"rotate":21.24},{"duration":6,"tweenEasing":0,"rotate":21.43},{"duration":0}]},{"name":"bone","rotateFrame":[{"duration":28,"tweenEasing":0},{"duration":13,"tweenEasing":0,"rotate":-0.33},{"duration":22}]},{"name":"head___2","rotateFrame":[{"duration":28,"tweenEasing":0},{"duration":13,"tweenEasing":0,"rotate":-0.33},{"duration":22}]}],"slot":[{"name":"black","displayFrame":[{"duration":13},{"duration":10,"value":3},{"duration":29,"value":1},{"duration":11,"value":3}]}],"zOrder":{"frame":[{"duration":3,"zOrder":[3,14,7,7,8,7,9,7,10,3,11,1,12,-3]},{"duration":60,"zOrder":[3,14,6,7,7,7,8,7,9,7,10,2,11,0,12,-4]}]}},{"duration":63,"playTimes":0,"name":"daoyao_blue","bone":[{"name":"root","rotateFrame":[{"duration":28,"tweenEasing":0},{"duration":35,"tweenEasing":0,"rotate":-0.33},{"duration":0}]},{"name":"body","rotateFrame":[{"duration":10,"tweenEasing":0},{"duration":5,"tweenEasing":0,"rotate":-9.96},{"duration":13,"tweenEasing":0,"rotate":4},{"duration":13,"tweenEasing":0,"rotate":1.67},{"duration":22}]},{"name":"medicine","translateFrame":[{"duration":2,"tweenEasing":0,"x":10.5,"y":-7},{"tweenEasing":0,"x":0.22,"y":-8.37},{"duration":2,"tweenEasing":0,"x":0.33,"y":-11.55},{"duration":6,"tweenEasing":0,"x":0.24,"y":-29.57},{"duration":4,"tweenEasing":0,"y":-21.63},{"duration":3,"tweenEasing":0,"x":8.5,"y":-23.23},{"duration":4,"tweenEasing":0,"x":28.75,"y":-21.55},{"duration":2,"tweenEasing":0,"x":22.81,"y":-32.14},{"tweenEasing":0,"x":19.83,"y":-32.53},{"duration":2,"tweenEasing":0,"x":18.35,"y":-33.48},{"tweenEasing":0,"x":6.38,"y":-54.37},{"duration":9,"tweenEasing":0,"x":1.5,"y":-64.13},{"duration":4,"tweenEasing":0,"x":-0.39,"y":-64.13},{"tweenEasing":0,"x":6,"y":-64.13},{"duration":5,"tweenEasing":0,"x":-2.27,"y":-61.39},{"duration":5,"tweenEasing":0,"x":2.18,"y":-38.69},{"duration":3,"tweenEasing":0,"x":6.63,"y":-34.1},{"duration":3,"tweenEasing":0,"x":9.29,"y":-25.76},{"duration":5,"tweenEasing":0,"x":10,"y":-20.57},{"duration":0,"x":11,"y":-6.5}],"rotateFrame":[{"duration":6,"tweenEasing":0},{"duration":2,"tweenEasing":0,"rotate":3.38},{"duration":3,"tweenEasing":0,"rotate":-4.83},{"tweenEasing":0,"rotate":-13.46},{"duration":2,"tweenEasing":0,"rotate":-16.5},{"tweenEasing":0,"rotate":-13.57},{"duration":3,"tweenEasing":0,"rotate":-11.6},{"duration":10,"tweenEasing":0,"rotate":-18.05},{"duration":13,"tweenEasing":0,"rotate":45.95},{"duration":12,"tweenEasing":0,"rotate":46.27},{"duration":5,"tweenEasing":0,"rotate":-13.96},{"duration":5,"tweenEasing":0,"rotate":-39.98},{"duration":0}]},{"name":"head___","rotateFrame":[{"duration":28,"tweenEasing":0},{"duration":13,"tweenEasing":0,"rotate":-0.33},{"duration":22}]},{"name":"legs","rotateFrame":[{"duration":28,"tweenEasing":0},{"duration":35,"rotate":-0.33}]},{"name":"shoulder_L","rotateFrame":[{"duration":8,"tweenEasing":0},{"duration":6,"tweenEasing":0,"rotate":-33},{"duration":7,"tweenEasing":0,"rotate":-3.42},{"duration":7,"tweenEasing":0,"rotate":-23.42},{"duration":13,"tweenEasing":0,"rotate":-1.77},{"duration":16,"tweenEasing":0,"rotate":-1.44},{"duration":6,"tweenEasing":0,"rotate":-18.3},{"duration":0}]},{"name":"shoulder_R","rotateFrame":[{"duration":8,"tweenEasing":0},{"duration":11,"tweenEasing":0,"rotate":45.43},{"duration":2,"tweenEasing":0,"rotate":-14.19},{"duration":7,"tweenEasing":0,"rotate":9.52},{"duration":13,"tweenEasing":0,"rotate":71.34},{"duration":16,"tweenEasing":0,"rotate":71.66},{"duration":6,"tweenEasing":0,"rotate":-2.92},{"duration":0}]},{"name":"arm_L","rotateFrame":[{"duration":8,"tweenEasing":0,"rotate":11.35},{"duration":3,"curve":[0.5,0,0.5,1],"rotate":-35.11},{"duration":3,"curve":[0.5,0,0.5,1],"rotate":-87.11},{"duration":7,"curve":[0.5,0,0.5,1],"rotate":-94.11},{"duration":7,"curve":[0.5,0,0.5,1],"rotate":-28.84},{"duration":13,"curve":[0.5,0,0.5,1],"rotate":45.29},{"duration":22,"curve":[0.5,0,0.5,1],"rotate":45.61},{"duration":0,"rotate":11.35}]},{"name":"head___1","rotateFrame":[{"duration":28,"tweenEasing":0},{"duration":13,"tweenEasing":0,"rotate":-0.33},{"duration":22}]},{"name":"arm_R","rotateFrame":[{"duration":8,"curve":[0.5,0,0.5,1]},{"duration":11,"curve":[0.5,0,0.5,1],"rotate":-37},{"duration":2,"curve":[0,0,0.5,1],"rotate":-21.88},{"duration":6,"tweenEasing":0,"rotate":-22.74},{"tweenEasing":0,"rotate":-42.57},{"duration":2,"tweenEasing":0,"rotate":-42.17},{"duration":13,"curve":[0.5,0,0.5,1],"rotate":-40.41},{"duration":14,"curve":[0.5,0,0.5,1],"rotate":-42.57},{"curve":[0.5,0,1,1],"rotate":-52.71},{"duration":5,"tweenEasing":0,"rotate":-59.2},{"duration":0}]},{"name":"hand_L","translateFrame":[{"duration":11,"tweenEasing":0},{"duration":3,"tweenEasing":0,"x":7.5,"y":0.5},{"duration":27,"tweenEasing":0,"x":3,"y":0.5},{"duration":22,"tweenEasing":0,"x":3,"y":0.5},{"duration":0}],"rotateFrame":[{"duration":8,"tweenEasing":0},{"duration":3,"tweenEasing":0,"rotate":141},{"duration":3,"tweenEasing":0,"rotate":168.91},{"duration":7,"tweenEasing":0,"rotate":168.91},{"duration":7,"tweenEasing":0,"rotate":110.39},{"duration":13,"tweenEasing":0,"rotate":73.46},{"duration":22,"tweenEasing":0,"rotate":73.79},{"duration":0}]},{"name":"hand_R","rotateFrame":[{"duration":21,"tweenEasing":0},{"duration":7,"tweenEasing":0,"rotate":-7.77},{"duration":13,"tweenEasing":0,"rotate":20.92},{"duration":16,"tweenEasing":0,"rotate":21.24},{"duration":6,"tweenEasing":0,"rotate":21.43},{"duration":0}]},{"name":"bone","rotateFrame":[{"duration":28,"tweenEasing":0},{"duration":13,"tweenEasing":0,"rotate":-0.33},{"duration":22}]},{"name":"head___2","rotateFrame":[{"duration":28,"tweenEasing":0},{"duration":13,"tweenEasing":0,"rotate":-0.33},{"duration":22}]}],"slot":[{"name":"blue","displayFrame":[{"duration":14},{"duration":9,"value":3},{"duration":28,"value":1},{"duration":12,"value":2}]},{"name":"black","displayFrame":[{"duration":13},{"duration":10,"value":3},{"duration":29,"value":1},{"duration":11,"value":3}]}],"zOrder":{"frame":[{"duration":3,"zOrder":[3,14,7,7,8,7,9,7,10,3,11,1,12,-3]},{"duration":60,"zOrder":[3,14,6,7,7,7,8,7,9,7,10,2,11,0,12,-4]}]}},{"duration":63,"playTimes":0,"name":"daoyao_brown","bone":[{"name":"root","rotateFrame":[{"duration":28,"tweenEasing":0},{"duration":35,"tweenEasing":0,"rotate":-0.33},{"duration":0}]},{"name":"body","rotateFrame":[{"duration":10,"tweenEasing":0},{"duration":5,"tweenEasing":0,"rotate":-9.96},{"duration":13,"tweenEasing":0,"rotate":4},{"duration":13,"tweenEasing":0,"rotate":1.67},{"duration":22}]},{"name":"medicine","translateFrame":[{"duration":2,"tweenEasing":0,"x":10.5,"y":-7},{"tweenEasing":0,"x":0.22,"y":-8.37},{"duration":2,"tweenEasing":0,"x":0.33,"y":-11.55},{"duration":6,"tweenEasing":0,"x":0.24,"y":-29.57},{"duration":4,"tweenEasing":0,"y":-21.63},{"duration":3,"tweenEasing":0,"x":8.5,"y":-23.23},{"duration":4,"tweenEasing":0,"x":28.75,"y":-21.55},{"duration":3,"tweenEasing":0,"x":22.81,"y":-32.14},{"duration":2,"tweenEasing":0,"x":18.35,"y":-33.48},{"tweenEasing":0,"x":15.38,"y":-54.37},{"duration":9,"tweenEasing":0,"x":1.5,"y":-64.13},{"duration":4,"tweenEasing":0,"x":-0.39,"y":-64.13},{"tweenEasing":0,"x":6,"y":-64.13},{"duration":5,"tweenEasing":0,"x":-2.27,"y":-61.39},{"duration":8,"tweenEasing":0,"x":2.18,"y":-38.69},{"duration":3,"tweenEasing":0,"x":9.29,"y":-25.76},{"duration":5,"tweenEasing":0,"x":10,"y":-20.57},{"duration":0,"x":11,"y":-6.5}],"rotateFrame":[{"duration":6,"tweenEasing":0},{"duration":2,"tweenEasing":0,"rotate":3.38},{"duration":3,"tweenEasing":0,"rotate":-4.83},{"tweenEasing":0,"rotate":-13.46},{"duration":2,"tweenEasing":0,"rotate":-16.5},{"tweenEasing":0,"rotate":-13.57},{"duration":3,"tweenEasing":0,"rotate":-11.6},{"duration":10,"tweenEasing":0,"rotate":-18.05},{"duration":13,"tweenEasing":0,"rotate":45.95},{"duration":12,"tweenEasing":0,"rotate":46.27},{"duration":5,"tweenEasing":0,"rotate":-13.96},{"duration":5,"tweenEasing":0,"rotate":-39.98},{"duration":0}]},{"name":"head___","rotateFrame":[{"duration":28,"tweenEasing":0},{"duration":13,"tweenEasing":0,"rotate":-0.33},{"duration":22}]},{"name":"legs","rotateFrame":[{"duration":28,"tweenEasing":0},{"duration":35,"rotate":-0.33}]},{"name":"shoulder_L","rotateFrame":[{"duration":8,"tweenEasing":0},{"duration":6,"tweenEasing":0,"rotate":-33},{"duration":7,"tweenEasing":0,"rotate":-3.42},{"duration":7,"tweenEasing":0,"rotate":-23.42},{"duration":13,"tweenEasing":0,"rotate":-1.77},{"duration":16,"tweenEasing":0,"rotate":-1.44},{"duration":6,"tweenEasing":0,"rotate":-18.3},{"duration":0}]},{"name":"shoulder_R","rotateFrame":[{"duration":8,"tweenEasing":0},{"duration":11,"tweenEasing":0,"rotate":45.43},{"duration":2,"tweenEasing":0,"rotate":-14.19},{"duration":7,"tweenEasing":0,"rotate":9.52},{"duration":13,"tweenEasing":0,"rotate":71.34},{"duration":16,"tweenEasing":0,"rotate":71.66},{"duration":6,"tweenEasing":0,"rotate":-2.92},{"duration":0}]},{"name":"arm_L","rotateFrame":[{"duration":8,"tweenEasing":0,"rotate":11.35},{"duration":3,"curve":[0.5,0,0.5,1],"rotate":-35.11},{"duration":3,"curve":[0.5,0,0.5,1],"rotate":-87.11},{"duration":7,"curve":[0.5,0,0.5,1],"rotate":-94.11},{"duration":7,"curve":[0.5,0,0.5,1],"rotate":-28.84},{"duration":13,"curve":[0.5,0,0.5,1],"rotate":45.29},{"duration":22,"curve":[0.5,0,0.5,1],"rotate":45.61},{"duration":0,"rotate":11.35}]},{"name":"head___1","rotateFrame":[{"duration":28,"tweenEasing":0},{"duration":13,"tweenEasing":0,"rotate":-0.33},{"duration":22}]},{"name":"arm_R","rotateFrame":[{"duration":8,"curve":[0.5,0,0.5,1]},{"duration":11,"curve":[0.5,0,0.5,1],"rotate":-37},{"duration":2,"curve":[0,0,0.5,1],"rotate":-21.88},{"duration":6,"tweenEasing":0,"rotate":-22.74},{"tweenEasing":0,"rotate":-42.57},{"duration":2,"tweenEasing":0,"rotate":-42.17},{"duration":13,"curve":[0.5,0,0.5,1],"rotate":-40.41},{"duration":14,"curve":[0.5,0,0.5,1],"rotate":-42.57},{"curve":[0.5,0,1,1],"rotate":-52.71},{"duration":5,"tweenEasing":0,"rotate":-59.2},{"duration":0}]},{"name":"hand_L","translateFrame":[{"duration":11,"tweenEasing":0},{"duration":3,"tweenEasing":0,"x":7.5,"y":0.5},{"duration":27,"tweenEasing":0,"x":3,"y":0.5},{"duration":22,"tweenEasing":0,"x":3,"y":0.5},{"duration":0}],"rotateFrame":[{"duration":8,"tweenEasing":0},{"duration":3,"tweenEasing":0,"rotate":141},{"duration":3,"tweenEasing":0,"rotate":168.91},{"duration":7,"tweenEasing":0,"rotate":168.91},{"duration":7,"tweenEasing":0,"rotate":110.39},{"duration":13,"tweenEasing":0,"rotate":73.46},{"duration":22,"tweenEasing":0,"rotate":73.79},{"duration":0}]},{"name":"hand_R","rotateFrame":[{"duration":21,"tweenEasing":0},{"duration":7,"tweenEasing":0,"rotate":-7.77},{"duration":13,"tweenEasing":0,"rotate":20.92},{"duration":16,"tweenEasing":0,"rotate":21.24},{"duration":6,"tweenEasing":0,"rotate":21.43},{"duration":0}]},{"name":"bone","rotateFrame":[{"duration":28,"tweenEasing":0},{"duration":13,"tweenEasing":0,"rotate":-0.33},{"duration":22}]},{"name":"head___2","rotateFrame":[{"duration":28,"tweenEasing":0},{"duration":13,"tweenEasing":0,"rotate":-0.33},{"duration":22}]}],"slot":[{"name":"brown","displayFrame":[{"duration":9},{"duration":17,"value":3},{"duration":26,"value":1},{"duration":11,"value":2}]},{"name":"blue","displayFrame":[{"duration":14},{"duration":9,"value":3},{"duration":28,"value":1},{"duration":12,"value":2}]},{"name":"black","displayFrame":[{"duration":13},{"duration":10,"value":3},{"duration":29,"value":1},{"duration":11,"value":3}]}],"zOrder":{"frame":[{"duration":3,"zOrder":[3,14,7,7,8,7,9,7,10,3,11,1,12,-3]},{"duration":60,"zOrder":[3,14,6,7,7,7,8,7,9,7,10,2,11,0,12,-4]}]}},{"duration":63,"playTimes":0,"name":"daoyao_green","bone":[{"name":"root","rotateFrame":[{"duration":28,"tweenEasing":0},{"duration":35,"tweenEasing":0,"rotate":-0.33},{"duration":0}]},{"name":"body","rotateFrame":[{"duration":10,"tweenEasing":0},{"duration":5,"tweenEasing":0,"rotate":-9.96},{"duration":13,"tweenEasing":0,"rotate":4},{"duration":13,"tweenEasing":0,"rotate":1.67},{"duration":22}]},{"name":"medicine","translateFrame":[{"duration":2,"tweenEasing":0,"x":10.5,"y":-7},{"tweenEasing":0,"x":0.22,"y":-8.37},{"duration":2,"tweenEasing":0,"x":0.33,"y":-11.55},{"duration":6,"tweenEasing":0,"x":0.24,"y":-29.57},{"duration":4,"tweenEasing":0,"y":-21.63},{"duration":3,"tweenEasing":0,"x":8.5,"y":-23.23},{"duration":4,"tweenEasing":0,"x":28.75,"y":-21.55},{"duration":3,"tweenEasing":0,"x":22.81,"y":-32.14},{"tweenEasing":0,"x":18.35,"y":-33.48},{"tweenEasing":0,"x":16.86,"y":-37.92},{"tweenEasing":0,"x":6.88,"y":-52.37},{"duration":9,"tweenEasing":0,"x":1.5,"y":-64.13},{"duration":4,"tweenEasing":0,"x":-0.39,"y":-64.13},{"tweenEasing":0,"x":6,"y":-64.13},{"duration":5,"tweenEasing":0,"x":-2.27,"y":-61.39},{"duration":8,"tweenEasing":0,"x":2.18,"y":-38.69},{"duration":3,"tweenEasing":0,"x":9.29,"y":-25.76},{"duration":5,"tweenEasing":0,"x":10,"y":-20.57},{"duration":0,"x":11,"y":-6.5}],"rotateFrame":[{"duration":6,"tweenEasing":0},{"duration":2,"tweenEasing":0,"rotate":3.38},{"duration":3,"tweenEasing":0,"rotate":-4.83},{"tweenEasing":0,"rotate":-13.46},{"duration":2,"tweenEasing":0,"rotate":-16.5},{"tweenEasing":0,"rotate":-13.57},{"duration":3,"tweenEasing":0,"rotate":-11.6},{"duration":10,"tweenEasing":0,"rotate":-18.05},{"duration":13,"tweenEasing":0,"rotate":45.95},{"duration":12,"tweenEasing":0,"rotate":46.27},{"duration":5,"tweenEasing":0,"rotate":-13.96},{"duration":5,"tweenEasing":0,"rotate":-39.98},{"duration":0}]},{"name":"head___","rotateFrame":[{"duration":28,"tweenEasing":0},{"duration":13,"tweenEasing":0,"rotate":-0.33},{"duration":22}]},{"name":"legs","rotateFrame":[{"duration":28,"tweenEasing":0},{"duration":35,"rotate":-0.33}]},{"name":"shoulder_L","rotateFrame":[{"duration":8,"tweenEasing":0},{"duration":6,"tweenEasing":0,"rotate":-33},{"duration":7,"tweenEasing":0,"rotate":-3.42},{"duration":7,"tweenEasing":0,"rotate":-23.42},{"duration":13,"tweenEasing":0,"rotate":-1.77},{"duration":16,"tweenEasing":0,"rotate":-1.44},{"duration":6,"tweenEasing":0,"rotate":-18.3},{"duration":0}]},{"name":"shoulder_R","rotateFrame":[{"duration":8,"tweenEasing":0},{"duration":11,"tweenEasing":0,"rotate":45.43},{"duration":2,"tweenEasing":0,"rotate":-14.19},{"duration":7,"tweenEasing":0,"rotate":9.52},{"duration":13,"tweenEasing":0,"rotate":71.34},{"duration":16,"tweenEasing":0,"rotate":71.66},{"duration":6,"tweenEasing":0,"rotate":-2.92},{"duration":0}]},{"name":"arm_L","rotateFrame":[{"duration":8,"tweenEasing":0,"rotate":11.35},{"duration":3,"curve":[0.5,0,0.5,1],"rotate":-35.11},{"duration":3,"curve":[0.5,0,0.5,1],"rotate":-87.11},{"duration":7,"curve":[0.5,0,0.5,1],"rotate":-94.11},{"duration":7,"curve":[0.5,0,0.5,1],"rotate":-28.84},{"duration":13,"curve":[0.5,0,0.5,1],"rotate":45.29},{"duration":22,"curve":[0.5,0,0.5,1],"rotate":45.61},{"duration":0,"rotate":11.35}]},{"name":"head___1","rotateFrame":[{"duration":28,"tweenEasing":0},{"duration":13,"tweenEasing":0,"rotate":-0.33},{"duration":22}]},{"name":"arm_R","rotateFrame":[{"duration":8,"curve":[0.5,0,0.5,1]},{"duration":11,"curve":[0.5,0,0.5,1],"rotate":-37},{"duration":2,"curve":[0,0,0.5,1],"rotate":-21.88},{"duration":6,"tweenEasing":0,"rotate":-22.74},{"tweenEasing":0,"rotate":-42.57},{"duration":2,"tweenEasing":0,"rotate":-42.17},{"duration":13,"curve":[0.5,0,0.5,1],"rotate":-40.41},{"duration":14,"curve":[0.5,0,0.5,1],"rotate":-42.57},{"curve":[0.5,0,1,1],"rotate":-52.71},{"duration":5,"tweenEasing":0,"rotate":-59.2},{"duration":0}]},{"name":"hand_L","translateFrame":[{"duration":11,"tweenEasing":0},{"duration":3,"tweenEasing":0,"x":7.5,"y":0.5},{"duration":27,"tweenEasing":0,"x":3,"y":0.5},{"duration":22,"tweenEasing":0,"x":3,"y":0.5},{"duration":0}],"rotateFrame":[{"duration":8,"tweenEasing":0},{"duration":3,"tweenEasing":0,"rotate":141},{"duration":3,"tweenEasing":0,"rotate":168.91},{"duration":7,"tweenEasing":0,"rotate":168.91},{"duration":7,"tweenEasing":0,"rotate":110.39},{"duration":13,"tweenEasing":0,"rotate":73.46},{"duration":22,"tweenEasing":0,"rotate":73.79},{"duration":0}]},{"name":"hand_R","rotateFrame":[{"duration":21,"tweenEasing":0},{"duration":7,"tweenEasing":0,"rotate":-7.77},{"duration":13,"tweenEasing":0,"rotate":20.92},{"duration":16,"tweenEasing":0,"rotate":21.24},{"duration":6,"tweenEasing":0,"rotate":21.43},{"duration":0}]},{"name":"bone","rotateFrame":[{"duration":28,"tweenEasing":0},{"duration":13,"tweenEasing":0,"rotate":-0.33},{"duration":22}]},{"name":"head___2","rotateFrame":[{"duration":28,"tweenEasing":0},{"duration":13,"tweenEasing":0,"rotate":-0.33},{"duration":22}]}],"slot":[{"name":"green","displayFrame":[{"duration":16},{"duration":7,"value":3},{"duration":26,"value":1},{"duration":14,"value":2}]},{"name":"brown","displayFrame":[{"duration":9,"value":-1},{"duration":17,"value":3},{"duration":26,"value":1},{"duration":11,"value":2}]},{"name":"blue","displayFrame":[{"duration":14},{"duration":9,"value":3},{"duration":28,"value":1},{"duration":12,"value":2}]},{"name":"black","displayFrame":[{"duration":13},{"duration":10,"value":3},{"duration":29,"value":1},{"duration":11,"value":3}]}],"zOrder":{"frame":[{"duration":3,"zOrder":[3,14,7,7,8,7,9,7,10,3,11,1,12,-3]},{"duration":60,"zOrder":[3,14,6,7,7,7,8,7,9,7,10,2,11,0,12,-4]}]}},{"duration":63,"playTimes":0,"name":"daoyao_oragen","bone":[{"name":"root","rotateFrame":[{"duration":28,"tweenEasing":0},{"duration":35,"tweenEasing":0,"rotate":-0.33},{"duration":0}]},{"name":"body","rotateFrame":[{"duration":10,"tweenEasing":0},{"duration":5,"tweenEasing":0,"rotate":-9.96},{"duration":13,"tweenEasing":0,"rotate":4},{"duration":13,"tweenEasing":0,"rotate":1.67},{"duration":22}]},{"name":"medicine","translateFrame":[{"duration":2,"tweenEasing":0,"x":10.5,"y":-7},{"tweenEasing":0,"x":0.22,"y":-8.37},{"duration":2,"tweenEasing":0,"x":0.33,"y":-11.55},{"duration":6,"tweenEasing":0,"x":0.24,"y":-29.57},{"duration":2,"tweenEasing":0,"y":-21.63},{"duration":2,"tweenEasing":0,"x":4.25,"y":-21.43},{"duration":3,"tweenEasing":0,"x":8.5,"y":-23.23},{"duration":4,"tweenEasing":0,"x":28.75,"y":-21.55},{"duration":3,"tweenEasing":0,"x":22.81,"y":-32.14},{"duration":2,"tweenEasing":0,"x":18.35,"y":-33.48},{"tweenEasing":0,"x":10.38,"y":-48.37},{"duration":9,"tweenEasing":0,"x":1.5,"y":-64.13},{"duration":4,"tweenEasing":0,"x":-0.39,"y":-64.13},{"tweenEasing":0,"x":6,"y":-64.13},{"duration":5,"tweenEasing":0,"x":-2.27,"y":-61.39},{"duration":4,"tweenEasing":0,"x":2.18,"y":-38.69},{"duration":4,"tweenEasing":0,"x":5.74,"y":-37.23},{"duration":3,"tweenEasing":0,"x":9.29,"y":-25.76},{"duration":5,"tweenEasing":0,"x":10,"y":-20.57},{"duration":0,"x":11,"y":-6.5}],"rotateFrame":[{"duration":6,"tweenEasing":0},{"duration":2,"tweenEasing":0,"rotate":3.38},{"duration":3,"tweenEasing":0,"rotate":-4.83},{"tweenEasing":0,"rotate":-13.46},{"duration":2,"tweenEasing":0,"rotate":-16.5},{"tweenEasing":0,"rotate":-13.57},{"duration":3,"tweenEasing":0,"rotate":-11.6},{"duration":10,"tweenEasing":0,"rotate":-18.05},{"duration":13,"tweenEasing":0,"rotate":45.95},{"duration":12,"tweenEasing":0,"rotate":46.27},{"duration":5,"tweenEasing":0,"rotate":-13.96},{"duration":5,"tweenEasing":0,"rotate":-39.98},{"duration":0}]},{"name":"head___","rotateFrame":[{"duration":28,"tweenEasing":0},{"duration":13,"tweenEasing":0,"rotate":-0.33},{"duration":22}]},{"name":"legs","rotateFrame":[{"duration":28,"tweenEasing":0},{"duration":35,"rotate":-0.33}]},{"name":"shoulder_L","rotateFrame":[{"duration":8,"tweenEasing":0},{"duration":6,"tweenEasing":0,"rotate":-33},{"duration":7,"tweenEasing":0,"rotate":-3.42},{"duration":7,"tweenEasing":0,"rotate":-23.42},{"duration":13,"tweenEasing":0,"rotate":-1.77},{"duration":16,"tweenEasing":0,"rotate":-1.44},{"duration":6,"tweenEasing":0,"rotate":-18.3},{"duration":0}]},{"name":"shoulder_R","rotateFrame":[{"duration":8,"tweenEasing":0},{"duration":11,"tweenEasing":0,"rotate":45.43},{"duration":2,"tweenEasing":0,"rotate":-14.19},{"duration":7,"tweenEasing":0,"rotate":9.52},{"duration":13,"tweenEasing":0,"rotate":71.34},{"duration":16,"tweenEasing":0,"rotate":71.66},{"duration":6,"tweenEasing":0,"rotate":-2.92},{"duration":0}]},{"name":"arm_L","rotateFrame":[{"duration":8,"tweenEasing":0,"rotate":11.35},{"duration":3,"curve":[0.5,0,0.5,1],"rotate":-35.11},{"duration":3,"curve":[0.5,0,0.5,1],"rotate":-87.11},{"duration":7,"curve":[0.5,0,0.5,1],"rotate":-94.11},{"duration":7,"curve":[0.5,0,0.5,1],"rotate":-28.84},{"duration":13,"curve":[0.5,0,0.5,1],"rotate":45.29},{"duration":22,"curve":[0.5,0,0.5,1],"rotate":45.61},{"duration":0,"rotate":11.35}]},{"name":"head___1","rotateFrame":[{"duration":28,"tweenEasing":0},{"duration":13,"tweenEasing":0,"rotate":-0.33},{"duration":22}]},{"name":"arm_R","rotateFrame":[{"duration":8,"curve":[0.5,0,0.5,1]},{"duration":11,"curve":[0.5,0,0.5,1],"rotate":-37},{"duration":2,"curve":[0,0,0.5,1],"rotate":-21.88},{"duration":6,"tweenEasing":0,"rotate":-22.74},{"tweenEasing":0,"rotate":-42.57},{"duration":2,"tweenEasing":0,"rotate":-42.17},{"duration":13,"curve":[0.5,0,0.5,1],"rotate":-40.41},{"duration":14,"curve":[0.5,0,0.5,1],"rotate":-42.57},{"curve":[0.5,0,1,1],"rotate":-52.71},{"duration":5,"tweenEasing":0,"rotate":-59.2},{"duration":0}]},{"name":"hand_L","translateFrame":[{"duration":11,"tweenEasing":0},{"duration":3,"tweenEasing":0,"x":7.5,"y":0.5},{"duration":27,"tweenEasing":0,"x":3,"y":0.5},{"duration":22,"tweenEasing":0,"x":3,"y":0.5},{"duration":0}],"rotateFrame":[{"duration":8,"tweenEasing":0},{"duration":3,"tweenEasing":0,"rotate":141},{"duration":3,"tweenEasing":0,"rotate":168.91},{"duration":7,"tweenEasing":0,"rotate":168.91},{"duration":7,"tweenEasing":0,"rotate":110.39},{"duration":13,"tweenEasing":0,"rotate":73.46},{"duration":22,"tweenEasing":0,"rotate":73.79},{"duration":0}]},{"name":"hand_R","rotateFrame":[{"duration":21,"tweenEasing":0},{"duration":7,"tweenEasing":0,"rotate":-7.77},{"duration":13,"tweenEasing":0,"rotate":20.92},{"duration":16,"tweenEasing":0,"rotate":21.24},{"duration":6,"tweenEasing":0,"rotate":21.43},{"duration":0}]},{"name":"bone","rotateFrame":[{"duration":28,"tweenEasing":0},{"duration":13,"tweenEasing":0,"rotate":-0.33},{"duration":22}]},{"name":"head___2","rotateFrame":[{"duration":28,"tweenEasing":0},{"duration":13,"tweenEasing":0,"rotate":-0.33},{"duration":22}]}],"slot":[{"name":"oragen","displayFrame":[{"duration":10},{"duration":12,"value":3},{"duration":27,"value":1},{"duration":14,"value":2}]},{"name":"green","displayFrame":[{"duration":16},{"duration":7,"value":3},{"duration":26,"value":1},{"duration":14,"value":2}]},{"name":"brown","displayFrame":[{"duration":9,"value":-1},{"duration":17,"value":3},{"duration":26,"value":1},{"duration":11,"value":2}]},{"name":"blue","displayFrame":[{"duration":14},{"duration":9,"value":3},{"duration":28,"value":1},{"duration":12,"value":2}]},{"name":"black","displayFrame":[{"duration":13},{"duration":10,"value":3},{"duration":29,"value":1},{"duration":11,"value":3}]}],"zOrder":{"frame":[{"duration":3,"zOrder":[3,14,7,7,8,7,9,7,10,3,11,1,12,-3]},{"duration":60,"zOrder":[3,14,6,7,7,7,8,7,9,7,10,2,11,0,12,-4]}]}},{"duration":63,"playTimes":0,"name":"daoyao_pink","bone":[{"name":"root","rotateFrame":[{"duration":28,"tweenEasing":0},{"duration":35,"tweenEasing":0,"rotate":-0.33},{"duration":0}]},{"name":"body","rotateFrame":[{"duration":10,"tweenEasing":0},{"duration":5,"tweenEasing":0,"rotate":-9.96},{"duration":13,"tweenEasing":0,"rotate":4},{"duration":13,"tweenEasing":0,"rotate":1.67},{"duration":22}]},{"name":"medicine","translateFrame":[{"duration":2,"tweenEasing":0,"x":10.5,"y":-7},{"tweenEasing":0,"x":0.22,"y":-8.37},{"duration":2,"tweenEasing":0,"x":0.33,"y":-11.55},{"duration":6,"tweenEasing":0,"x":0.24,"y":-29.57},{"duration":4,"tweenEasing":0,"y":-21.63},{"duration":3,"tweenEasing":0,"x":8.5,"y":-23.23},{"duration":4,"tweenEasing":0,"x":28.75,"y":-21.55},{"duration":3,"tweenEasing":0,"x":22.81,"y":-25.14},{"tweenEasing":0,"x":18.35,"y":-33.48},{"tweenEasing":0,"x":16.86,"y":-38.42},{"tweenEasing":0,"x":15.38,"y":-54.37},{"duration":9,"tweenEasing":0,"x":1.5,"y":-64.13},{"duration":4,"tweenEasing":0,"x":-0.39,"y":-64.13},{"tweenEasing":0,"x":6,"y":-64.13},{"duration":5,"tweenEasing":0,"x":-2.27,"y":-61.39},{"duration":8,"tweenEasing":0,"x":2.18,"y":-38.69},{"duration":3,"tweenEasing":0,"x":9.29,"y":-25.76},{"duration":5,"tweenEasing":0,"x":10,"y":-20.57},{"duration":0,"x":11,"y":-6.5}],"rotateFrame":[{"duration":6,"tweenEasing":0},{"duration":2,"tweenEasing":0,"rotate":3.38},{"duration":3,"tweenEasing":0,"rotate":-4.83},{"tweenEasing":0,"rotate":-13.46},{"duration":2,"tweenEasing":0,"rotate":-16.5},{"tweenEasing":0,"rotate":-13.57},{"duration":3,"tweenEasing":0,"rotate":-11.6},{"duration":10,"tweenEasing":0,"rotate":-18.05},{"duration":13,"tweenEasing":0,"rotate":45.95},{"duration":12,"tweenEasing":0,"rotate":46.27},{"duration":5,"tweenEasing":0,"rotate":-13.96},{"duration":5,"tweenEasing":0,"rotate":-39.98},{"duration":0}]},{"name":"head___","rotateFrame":[{"duration":28,"tweenEasing":0},{"duration":13,"tweenEasing":0,"rotate":-0.33},{"duration":22}]},{"name":"legs","rotateFrame":[{"duration":28,"tweenEasing":0},{"duration":35,"rotate":-0.33}]},{"name":"shoulder_L","rotateFrame":[{"duration":8,"tweenEasing":0},{"duration":6,"tweenEasing":0,"rotate":-33},{"duration":7,"tweenEasing":0,"rotate":-3.42},{"duration":7,"tweenEasing":0,"rotate":-23.42},{"duration":13,"tweenEasing":0,"rotate":-1.77},{"duration":16,"tweenEasing":0,"rotate":-1.44},{"duration":6,"tweenEasing":0,"rotate":-18.3},{"duration":0}]},{"name":"shoulder_R","rotateFrame":[{"duration":8,"tweenEasing":0},{"duration":11,"tweenEasing":0,"rotate":45.43},{"duration":2,"tweenEasing":0,"rotate":-14.19},{"duration":7,"tweenEasing":0,"rotate":9.52},{"duration":13,"tweenEasing":0,"rotate":71.34},{"duration":16,"tweenEasing":0,"rotate":71.66},{"duration":6,"tweenEasing":0,"rotate":-2.92},{"duration":0}]},{"name":"arm_L","rotateFrame":[{"duration":8,"tweenEasing":0,"rotate":11.35},{"duration":3,"curve":[0.5,0,0.5,1],"rotate":-35.11},{"duration":3,"curve":[0.5,0,0.5,1],"rotate":-87.11},{"duration":7,"curve":[0.5,0,0.5,1],"rotate":-94.11},{"duration":7,"curve":[0.5,0,0.5,1],"rotate":-28.84},{"duration":13,"curve":[0.5,0,0.5,1],"rotate":45.29},{"duration":22,"curve":[0.5,0,0.5,1],"rotate":45.61},{"duration":0,"rotate":11.35}]},{"name":"head___1","rotateFrame":[{"duration":28,"tweenEasing":0},{"duration":13,"tweenEasing":0,"rotate":-0.33},{"duration":22}]},{"name":"arm_R","rotateFrame":[{"duration":8,"curve":[0.5,0,0.5,1]},{"duration":11,"curve":[0.5,0,0.5,1],"rotate":-37},{"duration":2,"curve":[0,0,0.5,1],"rotate":-21.88},{"duration":6,"tweenEasing":0,"rotate":-22.74},{"tweenEasing":0,"rotate":-42.57},{"duration":2,"tweenEasing":0,"rotate":-42.17},{"duration":13,"curve":[0.5,0,0.5,1],"rotate":-40.41},{"duration":14,"curve":[0.5,0,0.5,1],"rotate":-42.57},{"curve":[0.5,0,1,1],"rotate":-52.71},{"duration":5,"tweenEasing":0,"rotate":-59.2},{"duration":0}]},{"name":"hand_L","translateFrame":[{"duration":11,"tweenEasing":0},{"duration":3,"tweenEasing":0,"x":7.5,"y":0.5},{"duration":27,"tweenEasing":0,"x":3,"y":0.5},{"duration":22,"tweenEasing":0,"x":3,"y":0.5},{"duration":0}],"rotateFrame":[{"duration":8,"tweenEasing":0},{"duration":3,"tweenEasing":0,"rotate":141},{"duration":3,"tweenEasing":0,"rotate":168.91},{"duration":7,"tweenEasing":0,"rotate":168.91},{"duration":7,"tweenEasing":0,"rotate":110.39},{"duration":13,"tweenEasing":0,"rotate":73.46},{"duration":22,"tweenEasing":0,"rotate":73.79},{"duration":0}]},{"name":"hand_R","rotateFrame":[{"duration":21,"tweenEasing":0},{"duration":7,"tweenEasing":0,"rotate":-7.77},{"duration":13,"tweenEasing":0,"rotate":20.92},{"duration":16,"tweenEasing":0,"rotate":21.24},{"duration":6,"tweenEasing":0,"rotate":21.43},{"duration":0}]},{"name":"bone","rotateFrame":[{"duration":28,"tweenEasing":0},{"duration":13,"tweenEasing":0,"rotate":-0.33},{"duration":22}]},{"name":"head___2","rotateFrame":[{"duration":28,"tweenEasing":0},{"duration":13,"tweenEasing":0,"rotate":-0.33},{"duration":22}]}],"slot":[{"name":"pink","displayFrame":[{"duration":13},{"duration":9,"value":3},{"duration":26,"value":1},{"duration":15,"value":2}]},{"name":"oragen","displayFrame":[{"duration":10},{"duration":12,"value":3},{"duration":27,"value":1},{"duration":14,"value":2}]},{"name":"green","displayFrame":[{"duration":16},{"duration":7,"value":3},{"duration":26,"value":1},{"duration":14,"value":2}]},{"name":"brown","displayFrame":[{"duration":9,"value":-1},{"duration":17,"value":3},{"duration":26,"value":1},{"duration":11,"value":2}]},{"name":"blue","displayFrame":[{"duration":14},{"duration":9,"value":3},{"duration":28,"value":1},{"duration":12,"value":2}]},{"name":"black","displayFrame":[{"duration":13},{"duration":10,"value":3},{"duration":29,"value":1},{"duration":11,"value":3}]}],"zOrder":{"frame":[{"duration":3,"zOrder":[3,14,7,7,8,7,9,7,10,3,11,1,12,-3]},{"duration":60,"zOrder":[3,14,6,7,7,7,8,7,9,7,10,2,11,0,12,-4]}]}},{"duration":63,"playTimes":0,"name":"daoyao_red","bone":[{"name":"root","rotateFrame":[{"duration":28,"tweenEasing":0},{"duration":35,"tweenEasing":0,"rotate":-0.33},{"duration":0}]},{"name":"body","rotateFrame":[{"duration":10,"tweenEasing":0},{"duration":5,"tweenEasing":0,"rotate":-9.96},{"duration":13,"tweenEasing":0,"rotate":4},{"duration":13,"tweenEasing":0,"rotate":1.67},{"duration":22}]},{"name":"medicine","translateFrame":[{"duration":2,"tweenEasing":0,"x":10.5,"y":-7},{"tweenEasing":0,"x":0.22,"y":-8.37},{"duration":2,"tweenEasing":0,"x":0.33,"y":-11.55},{"duration":6,"tweenEasing":0,"x":0.24,"y":-29.57},{"duration":4,"tweenEasing":0,"y":-21.63},{"duration":3,"tweenEasing":0,"x":8.5,"y":-23.23},{"duration":3,"tweenEasing":0,"x":28.75,"y":-21.55},{"tweenEasing":0,"x":24.29,"y":-26.75},{"tweenEasing":0,"x":22.81,"y":-25.14},{"duration":2,"tweenEasing":0,"x":21.32,"y":-33.92},{"tweenEasing":0,"x":18.35,"y":-33.48},{"tweenEasing":0,"x":13.36,"y":-41.92},{"tweenEasing":0,"x":9.88,"y":-48.87},{"duration":9,"tweenEasing":0,"x":1.5,"y":-64.13},{"duration":4,"tweenEasing":0,"x":-0.39,"y":-64.13},{"tweenEasing":0,"x":6,"y":-64.13},{"duration":5,"tweenEasing":0,"x":-2.27,"y":-61.39},{"tweenEasing":0,"x":2.18,"y":-38.69},{"duration":7,"tweenEasing":0,"x":3.07,"y":-44.07},{"duration":3,"tweenEasing":0,"x":9.29,"y":-25.76},{"duration":5,"tweenEasing":0,"x":10,"y":-20.57},{"duration":0,"x":11,"y":-6.5}],"rotateFrame":[{"duration":6,"tweenEasing":0},{"duration":2,"tweenEasing":0,"rotate":3.38},{"duration":3,"tweenEasing":0,"rotate":-4.83},{"tweenEasing":0,"rotate":-13.46},{"duration":2,"tweenEasing":0,"rotate":-16.5},{"tweenEasing":0,"rotate":-13.57},{"duration":3,"tweenEasing":0,"rotate":-11.6},{"duration":10,"tweenEasing":0,"rotate":-18.05},{"duration":13,"tweenEasing":0,"rotate":45.95},{"duration":12,"tweenEasing":0,"rotate":46.27},{"duration":5,"tweenEasing":0,"rotate":-13.96},{"duration":5,"tweenEasing":0,"rotate":-39.98},{"duration":0}]},{"name":"head___","rotateFrame":[{"duration":28,"tweenEasing":0},{"duration":13,"tweenEasing":0,"rotate":-0.33},{"duration":22}]},{"name":"legs","rotateFrame":[{"duration":28,"tweenEasing":0},{"duration":35,"rotate":-0.33}]},{"name":"shoulder_L","rotateFrame":[{"duration":8,"tweenEasing":0},{"duration":6,"tweenEasing":0,"rotate":-33},{"duration":7,"tweenEasing":0,"rotate":-3.42},{"duration":7,"tweenEasing":0,"rotate":-23.42},{"duration":13,"tweenEasing":0,"rotate":-1.77},{"duration":16,"tweenEasing":0,"rotate":-1.44},{"duration":6,"tweenEasing":0,"rotate":-18.3},{"duration":0}]},{"name":"shoulder_R","rotateFrame":[{"duration":8,"tweenEasing":0},{"duration":11,"tweenEasing":0,"rotate":45.43},{"duration":2,"tweenEasing":0,"rotate":-14.19},{"duration":7,"tweenEasing":0,"rotate":9.52},{"duration":13,"tweenEasing":0,"rotate":71.34},{"duration":16,"tweenEasing":0,"rotate":71.66},{"duration":6,"tweenEasing":0,"rotate":-2.92},{"duration":0}]},{"name":"arm_L","rotateFrame":[{"duration":8,"tweenEasing":0,"rotate":11.35},{"duration":3,"curve":[0.5,0,0.5,1],"rotate":-35.11},{"duration":3,"curve":[0.5,0,0.5,1],"rotate":-87.11},{"duration":7,"curve":[0.5,0,0.5,1],"rotate":-94.11},{"duration":7,"curve":[0.5,0,0.5,1],"rotate":-28.84},{"duration":13,"curve":[0.5,0,0.5,1],"rotate":45.29},{"duration":22,"curve":[0.5,0,0.5,1],"rotate":45.61},{"duration":0,"rotate":11.35}]},{"name":"head___1","rotateFrame":[{"duration":28,"tweenEasing":0},{"duration":13,"tweenEasing":0,"rotate":-0.33},{"duration":22}]},{"name":"arm_R","rotateFrame":[{"duration":8,"curve":[0.5,0,0.5,1]},{"duration":11,"curve":[0.5,0,0.5,1],"rotate":-37},{"duration":2,"curve":[0,0,0.5,1],"rotate":-21.88},{"duration":6,"tweenEasing":0,"rotate":-22.74},{"tweenEasing":0,"rotate":-42.57},{"duration":2,"tweenEasing":0,"rotate":-42.17},{"duration":13,"curve":[0.5,0,0.5,1],"rotate":-40.41},{"duration":14,"curve":[0.5,0,0.5,1],"rotate":-42.57},{"curve":[0.5,0,1,1],"rotate":-52.71},{"duration":5,"tweenEasing":0,"rotate":-59.2},{"duration":0}]},{"name":"hand_L","translateFrame":[{"duration":11,"tweenEasing":0},{"duration":3,"tweenEasing":0,"x":7.5,"y":0.5},{"duration":27,"tweenEasing":0,"x":3,"y":0.5},{"duration":22,"tweenEasing":0,"x":3,"y":0.5},{"duration":0}],"rotateFrame":[{"duration":8,"tweenEasing":0},{"duration":3,"tweenEasing":0,"rotate":141},{"duration":3,"tweenEasing":0,"rotate":168.91},{"duration":7,"tweenEasing":0,"rotate":168.91},{"duration":7,"tweenEasing":0,"rotate":110.39},{"duration":13,"tweenEasing":0,"rotate":73.46},{"duration":22,"tweenEasing":0,"rotate":73.79},{"duration":0}]},{"name":"hand_R","rotateFrame":[{"duration":21,"tweenEasing":0},{"duration":7,"tweenEasing":0,"rotate":-7.77},{"duration":13,"tweenEasing":0,"rotate":20.92},{"duration":16,"tweenEasing":0,"rotate":21.24},{"duration":6,"tweenEasing":0,"rotate":21.43},{"duration":0}]},{"name":"bone","rotateFrame":[{"duration":28,"tweenEasing":0},{"duration":13,"tweenEasing":0,"rotate":-0.33},{"duration":22}]},{"name":"head___2","rotateFrame":[{"duration":28,"tweenEasing":0},{"duration":13,"tweenEasing":0,"rotate":-0.33},{"duration":22}]}],"slot":[{"name":"red","displayFrame":[{"duration":18},{"duration":7,"value":3},{"duration":23,"value":1},{"duration":15,"value":2}]},{"name":"pink","displayFrame":[{"duration":13},{"duration":9,"value":3},{"duration":26,"value":1},{"duration":15,"value":2}]},{"name":"oragen","displayFrame":[{"duration":10},{"duration":12,"value":3},{"duration":27,"value":1},{"duration":14,"value":2}]},{"name":"green","displayFrame":[{"duration":16},{"duration":7,"value":3},{"duration":26,"value":1},{"duration":14,"value":2}]},{"name":"brown","displayFrame":[{"duration":9,"value":-1},{"duration":17,"value":3},{"duration":26,"value":1},{"duration":11,"value":2}]},{"name":"blue","displayFrame":[{"duration":14},{"duration":9,"value":3},{"duration":28,"value":1},{"duration":12,"value":2}]},{"name":"black","displayFrame":[{"duration":13},{"duration":10,"value":3},{"duration":29,"value":1},{"duration":11,"value":3}]}],"zOrder":{"frame":[{"duration":3,"zOrder":[3,14,7,7,8,7,9,7,10,3,11,1,12,-3]},{"duration":60,"zOrder":[3,14,6,7,7,7,8,7,9,7,10,2,11,0,12,-4]}]}},{"duration":63,"playTimes":0,"name":"daoyao_yellow","bone":[{"name":"root","rotateFrame":[{"duration":28,"tweenEasing":0},{"duration":35,"tweenEasing":0,"rotate":-0.33},{"duration":0}]},{"name":"body","rotateFrame":[{"duration":10,"tweenEasing":0},{"duration":5,"tweenEasing":0,"rotate":-9.96},{"duration":13,"tweenEasing":0,"rotate":4},{"duration":13,"tweenEasing":0,"rotate":1.67},{"duration":22}]},{"name":"medicine","translateFrame":[{"duration":2,"tweenEasing":0,"x":10.5,"y":-7},{"tweenEasing":0,"x":0.22,"y":-8.37},{"duration":2,"tweenEasing":0,"x":0.33,"y":-11.55},{"duration":6,"tweenEasing":0,"x":0.24,"y":-29.57},{"duration":4,"tweenEasing":0,"y":-21.63},{"duration":3,"tweenEasing":0,"x":8.5,"y":-23.23},{"duration":2,"tweenEasing":0,"x":28.75,"y":-21.55},{"duration":2,"tweenEasing":0,"x":25.78,"y":-27.84},{"duration":3,"tweenEasing":0,"x":22.81,"y":-30.64},{"duration":2,"tweenEasing":0,"x":11.35,"y":-47.98},{"tweenEasing":0,"x":10.38,"y":-48.87},{"duration":9,"tweenEasing":0,"x":1.5,"y":-64.13},{"duration":4,"tweenEasing":0,"x":-0.39,"y":-64.13},{"tweenEasing":0,"x":6,"y":-64.13},{"duration":5,"tweenEasing":0,"x":-2.27,"y":-61.39},{"tweenEasing":0,"x":2.18,"y":-38.69},{"duration":7,"tweenEasing":0,"x":3.07,"y":-44.07},{"duration":3,"tweenEasing":0,"x":9.29,"y":-25.76},{"duration":5,"tweenEasing":0,"x":10,"y":-20.57},{"duration":0,"x":11,"y":-6.5}],"rotateFrame":[{"duration":6,"tweenEasing":0},{"duration":2,"tweenEasing":0,"rotate":3.38},{"duration":3,"tweenEasing":0,"rotate":-4.83},{"tweenEasing":0,"rotate":-13.46},{"duration":2,"tweenEasing":0,"rotate":-16.5},{"tweenEasing":0,"rotate":-13.57},{"duration":3,"tweenEasing":0,"rotate":-11.6},{"duration":10,"tweenEasing":0,"rotate":-18.05},{"duration":13,"tweenEasing":0,"rotate":45.95},{"duration":12,"tweenEasing":0,"rotate":46.27},{"duration":5,"tweenEasing":0,"rotate":-13.96},{"duration":5,"tweenEasing":0,"rotate":-39.98},{"duration":0}]},{"name":"head___","rotateFrame":[{"duration":28,"tweenEasing":0},{"duration":13,"tweenEasing":0,"rotate":-0.33},{"duration":22}]},{"name":"legs","rotateFrame":[{"duration":28,"tweenEasing":0},{"duration":35,"rotate":-0.33}]},{"name":"shoulder_L","rotateFrame":[{"duration":8,"tweenEasing":0},{"duration":6,"tweenEasing":0,"rotate":-33},{"duration":7,"tweenEasing":0,"rotate":-3.42},{"duration":7,"tweenEasing":0,"rotate":-23.42},{"duration":13,"tweenEasing":0,"rotate":-1.77},{"duration":16,"tweenEasing":0,"rotate":-1.44},{"duration":6,"tweenEasing":0,"rotate":-18.3},{"duration":0}]},{"name":"shoulder_R","rotateFrame":[{"duration":8,"tweenEasing":0},{"duration":11,"tweenEasing":0,"rotate":45.43},{"duration":2,"tweenEasing":0,"rotate":-14.19},{"duration":7,"tweenEasing":0,"rotate":9.52},{"duration":13,"tweenEasing":0,"rotate":71.34},{"duration":16,"tweenEasing":0,"rotate":71.66},{"duration":6,"tweenEasing":0,"rotate":-2.92},{"duration":0}]},{"name":"arm_L","rotateFrame":[{"duration":8,"tweenEasing":0,"rotate":11.35},{"duration":3,"curve":[0.5,0,0.5,1],"rotate":-35.11},{"duration":3,"curve":[0.5,0,0.5,1],"rotate":-87.11},{"duration":7,"curve":[0.5,0,0.5,1],"rotate":-94.11},{"duration":7,"curve":[0.5,0,0.5,1],"rotate":-28.84},{"duration":13,"curve":[0.5,0,0.5,1],"rotate":45.29},{"duration":22,"curve":[0.5,0,0.5,1],"rotate":45.61},{"duration":0,"rotate":11.35}]},{"name":"head___1","rotateFrame":[{"duration":28,"tweenEasing":0},{"duration":13,"tweenEasing":0,"rotate":-0.33},{"duration":22}]},{"name":"arm_R","rotateFrame":[{"duration":8,"curve":[0.5,0,0.5,1]},{"duration":11,"curve":[0.5,0,0.5,1],"rotate":-37},{"duration":2,"curve":[0,0,0.5,1],"rotate":-21.88},{"duration":6,"tweenEasing":0,"rotate":-22.74},{"tweenEasing":0,"rotate":-42.57},{"duration":2,"tweenEasing":0,"rotate":-42.17},{"duration":13,"curve":[0.5,0,0.5,1],"rotate":-40.41},{"duration":14,"curve":[0.5,0,0.5,1],"rotate":-42.57},{"curve":[0.5,0,1,1],"rotate":-52.71},{"duration":5,"tweenEasing":0,"rotate":-59.2},{"duration":0}]},{"name":"hand_L","translateFrame":[{"duration":11,"tweenEasing":0},{"duration":3,"tweenEasing":0,"x":7.5,"y":0.5},{"duration":27,"tweenEasing":0,"x":3,"y":0.5},{"duration":22,"tweenEasing":0,"x":3,"y":0.5},{"duration":0}],"rotateFrame":[{"duration":8,"tweenEasing":0},{"duration":3,"tweenEasing":0,"rotate":141},{"duration":3,"tweenEasing":0,"rotate":168.91},{"duration":7,"tweenEasing":0,"rotate":168.91},{"duration":7,"tweenEasing":0,"rotate":110.39},{"duration":13,"tweenEasing":0,"rotate":73.46},{"duration":22,"tweenEasing":0,"rotate":73.79},{"duration":0}]},{"name":"hand_R","rotateFrame":[{"duration":21,"tweenEasing":0},{"duration":7,"tweenEasing":0,"rotate":-7.77},{"duration":13,"tweenEasing":0,"rotate":20.92},{"duration":16,"tweenEasing":0,"rotate":21.24},{"duration":6,"tweenEasing":0,"rotate":21.43},{"duration":0}]},{"name":"bone","rotateFrame":[{"duration":28,"tweenEasing":0},{"duration":13,"tweenEasing":0,"rotate":-0.33},{"duration":22}]},{"name":"head___2","rotateFrame":[{"duration":28,"tweenEasing":0},{"duration":13,"tweenEasing":0,"rotate":-0.33},{"duration":22}]}],"slot":[{"name":"yellow","displayFrame":[{"duration":11},{"duration":15,"value":3},{"duration":23,"value":1},{"duration":14,"value":2}]},{"name":"red","displayFrame":[{"duration":18},{"duration":7,"value":3},{"duration":23,"value":1},{"duration":15,"value":2}]},{"name":"pink","displayFrame":[{"duration":13},{"duration":9,"value":3},{"duration":26,"value":1},{"duration":15,"value":2}]},{"name":"oragen","displayFrame":[{"duration":10},{"duration":12,"value":3},{"duration":27,"value":1},{"duration":14,"value":2}]},{"name":"green","displayFrame":[{"duration":16},{"duration":7,"value":3},{"duration":26,"value":1},{"duration":14,"value":2}]},{"name":"brown","displayFrame":[{"duration":9,"value":-1},{"duration":17,"value":3},{"duration":26,"value":1},{"duration":11,"value":2}]},{"name":"blue","displayFrame":[{"duration":14},{"duration":9,"value":3},{"duration":28,"value":1},{"duration":12,"value":2}]},{"name":"black","displayFrame":[{"duration":13},{"duration":10,"value":3},{"duration":29,"value":1},{"duration":11,"value":3}]}],"zOrder":{"frame":[{"duration":3,"zOrder":[3,14,7,7,8,7,9,7,10,3,11,1,12,-3]},{"duration":60,"zOrder":[3,14,6,7,7,7,8,7,9,7,10,2,11,0,12,-4]}]}}],"defaultActions":[{"gotoAndPlay":"nayao"}]}]}