{"mc":{
	"Liquid-14":{
		"frameRate":24,
		"events":[
			
			],
		"frames":[
			
			{
			"res":"DF475834",
			"x":223,
			"y":571
			},
			{
			"res":"3FB12E7D",
			"x":183,
			"y":533
			},
			{
			"res":"8DA43C76",
			"x":187,
			"y":467
			},
			{
			"res":"19A2B2BA",
			"x":181,
			"y":389
			},
			{
			"res":"13F5F109",
			"x":173,
			"y":324
			},
			{
			"res":"3AD3FBB6",
			"x":166,
			"y":292
			},
			{
			"res":"E400B9D4",
			"x":164,
			"y":237
			},
			{
			"res":"E216CE8E",
			"x":139,
			"y":194
			},
			{
			"res":"34BAA35C",
			"x":131,
			"y":176
			},
			{
			"res":"9F7538BE",
			"x":120,
			"y":154
			},
			{
			"res":"CD2B40A1",
			"x":82,
			"y":107
			},
			{
			"res":"EA00342C",
			"x":65,
			"y":101
			},
			{
			"res":"9401B195",
			"x":50,
			"y":100
			},
			{
			"res":"7DCF2229",
			"x":41,
			"y":95
			},
			{
			"res":"1AAF6CD0",
			"x":34,
			"y":92
			},
			{
			"res":"C0E4AA95",
			"x":25,
			"y":87
			},
			{
			"res":"7C566694",
			"x":24,
			"y":85
			},
			{
			"res":"20E8E006",
			"x":21,
			"y":83
			},
			{
			"res":"DD59BF03",
			"x":10,
			"y":82
			},
			{
			"res":"26CCBA56",
			"x":5,
			"y":80
			},
			{
			"res":"EC66F713",
			"x":18,
			"y":82
			},
			{
			"res":"52462644",
			"x":24,
			"y":85
			},
			{
			"res":"FEAFD563",
			"x":22,
			"y":84
			},
			{
			"res":"9C889C96",
			"x":19,
			"y":83
			},
			{
			"res":"249A7567",
			"x":18,
			"y":83
			},
			{
			"res":"8F9643B",
			"x":19,
			"y":83
			},
			{
			"res":"CA596123",
			"x":18,
			"y":79
			},
			{
			"res":"E1C7C6BC",
			"x":16,
			"y":79
			},
			{
			"res":"80828B7D",
			"x":17,
			"y":75
			},
			{
			"res":"2ED58834",
			"x":16,
			"y":87
			},
			{
			"res":"4AFDEA6C",
			"x":0,
			"y":0
			}
			]
}},
	"res":{
		"52462644":{"x":1,"y":1753,"w":1250,"h":375},
		"9F7538BE":{"x":2526,"y":1748,"w":1080,"h":435},
		"13F5F109":{"x":1268,"y":2532,"w":971,"h":267},
		"7DCF2229":{"x":1286,"y":447,"w":1204,"h":452},
		"2ED58834":{"x":932,"y":3299,"w":676,"h":103},
		"CD2B40A1":{"x":1,"y":892,"w":1119,"h":478},
		"19A2B2BA":{"x":1011,"y":3096,"w":938,"h":202},
		"E400B9D4":{"x":1,"y":2841,"w":1009,"h":352},
		"EC66F713":{"x":1,"y":1371,"w":1261,"h":380},
		"DD59BF03":{"x":1,"y":463,"w":1284,"h":427},
		"26CCBA56":{"x":2271,"y":1348,"w":1287,"h":398},
		"8DA43C76":{"x":1,"y":3194,"w":930,"h":126},
		"9401B195":{"x":2491,"y":897,"w":1185,"h":450},
		"E1C7C6BC":{"x":2538,"y":2810,"w":1273,"h":281},
		"34BAA35C":{"x":1252,"y":2123,"w":1062,"h":408},
		"80828B7D":{"x":2538,"y":3092,"w":1273,"h":275},
		"3FB12E7D":{"x":1263,"y":1660,"w":942,"h":58},
		"20E8E006":{"x":2520,"y":1,"w":1273,"h":438},
		"249A7567":{"x":2316,"y":2498,"w":1264,"h":311},
		"EA00342C":{"x":1121,"y":900,"w":1148,"h":460},
		"C0E4AA95":{"x":1,"y":1,"w":1252,"h":461},
		"3AD3FBB6":{"x":1263,"y":1362,"w":999,"h":297},
		"CA596123":{"x":1268,"y":2810,"w":1268,"h":285},
		"FEAFD563":{"x":1263,"y":1748,"w":1261,"h":374},
		"9C889C96":{"x":2316,"y":2184,"w":1263,"h":313},
		"4AFDEA6C":{"x":3794,"y":1,"w":2,"h":2},
		"8F9643B":{"x":1,"y":2532,"w":1266,"h":308},
		"DF475834":{"x":1263,"y":1720,"w":854,"h":20},
		"1AAF6CD0":{"x":2520,"y":440,"w":1218,"h":455},
		"E216CE8E":{"x":1,"y":2129,"w":1046,"h":392},
		"7C566694":{"x":1254,"y":1,"w":1264,"h":445}
	}}