{"frameRate":24,"name":"normal_boy","version":"5.5","compatibleVersion":"5.5","armature":[{"type":"Armature","frameRate":24,"name":"normal_boy","aabb":{"x":-68.26,"y":-607.67,"width":160.31,"height":609.84},"bone":[{"name":"root","transform":{"x":85.47675,"y":-88.14885}},{"length":114.5,"name":"body","parent":"root","transform":{"x":-49.11245,"y":-205.9799,"skX":-91.6355,"skY":-91.6355}},{"length":19,"name":"neck","parent":"body","transform":{"x":115.9798,"y":-0.2649,"skX":-6.5051,"skY":-6.5051}},{"length":56.5,"name":"cloth_l_tall","parent":"body","transform":{"x":7.79985,"y":10.62695,"skX":176.5526,"skY":176.5526}},{"length":166,"name":"arm_l_tall","parent":"body","transform":{"x":122.193,"y":12.79825,"skX":170.7855,"skY":170.7855}},{"length":58.5,"name":"cloth_r_tall","parent":"body","transform":{"x":8.6319,"y":-15.8851,"skX":179.8304,"skY":179.8304}},{"length":191.5,"name":"arm_r_tall","parent":"body","transform":{"x":117.06405,"y":-25.73425,"skX":-174.2996,"skY":-174.2996}},{"length":42,"name":"leg_l_tall","parent":"cloth_l_tall","transform":{"x":56.99915,"skX":8.2063,"skY":8.2063}},{"length":76,"name":"leg_r_tall","parent":"cloth_r_tall","transform":{"x":57.80305,"y":0.02085,"skX":8.7107,"skY":8.7107}},{"length":69.5,"name":"head","parent":"neck","transform":{"x":18.87265,"y":0.30045,"skX":-1.1457,"skY":-1.1457}}],"slot":[{"displayIndex":4,"name":"arm_l_tall","parent":"arm_l_tall"},{"displayIndex":4,"name":"leg_lr_tall","parent":"leg_l_tall"},{"name":"cloth_l","parent":"cloth_l_tall"},{"displayIndex":4,"name":"leg_rb_tall","parent":"leg_r_tall"},{"name":"cloth_r","parent":"cloth_r_tall"},{"displayIndex":4,"name":"body_tall","parent":"body"},{"name":"cloth","parent":"body"},{"displayIndex":5,"name":"arm_r_tall","parent":"arm_r_tall"},{"displayIndex":3,"name":"neck_tall","parent":"neck"},{"displayIndex":4,"name":"head_tall","parent":"head"},{"displayIndex":84,"name":"hair_no1r","parent":"body"},{"displayIndex":4,"name":"mouth_bigsmile","parent":"body"},{"name":"eye_middle","parent":"body"}],"skin":[{"slot":[{"name":"arm_l_tall","display":[{"name":"arm_ly_tall","transform":{"x":114.36,"y":2.19,"skX":-79.15,"skY":-79.15}},{"name":"arm_lp_tall","transform":{"x":114.01,"y":1.36,"skX":-79.15,"skY":-79.15}},{"name":"arm_lb_tall","transform":{"x":114.36,"y":2.19,"skX":-79.15,"skY":-79.15}},{"name":"arm_lr_tall","transform":{"x":114.36,"y":2.19,"skX":-79.15,"skY":-79.15}},{"name":"arm_lw_tall_0","transform":{"x":114.36,"y":2.19,"skX":-79.15,"skY":-79.15}}]},{"name":"neck_tall","display":[{"name":"neck_tall_3","transform":{"x":15.55,"y":-2.62,"skX":98.14,"skY":98.14}},{"name":"neck_tall_2","transform":{"x":15.55,"y":-2.62,"skX":98.14,"skY":98.14}},{"name":"neck_tall_0","transform":{"x":15.55,"y":-2.62,"skX":98.14,"skY":98.14}},{"name":"neck_tall_1","transform":{"x":15.55,"y":-2.62,"skX":98.14,"skY":98.14}},{"name":"neck_tall","transform":{"x":15.55,"y":-2.62,"skX":98.14,"skY":98.14}}]},{"name":"hair_no1r","display":[{"name":"hair_no1r","transform":{"x":251.54,"y":-12.77,"skX":91.64,"skY":91.64}},{"name":"hair_no1p","transform":{"x":251.54,"y":-12.77,"skX":91.64,"skY":91.64}},{"name":"hair_no1w","transform":{"x":251.54,"y":-12.77,"skX":91.64,"skY":91.64}},{"name":"hair_no2b","transform":{"x":251.54,"y":-12.77,"skX":91.64,"skY":91.64}},{"name":"hair_no2r","transform":{"x":251.54,"y":-12.77,"skX":91.64,"skY":91.64}},{"name":"hair_no2y","transform":{"x":251.54,"y":-12.77,"skX":91.64,"skY":91.64}},{"name":"hair_no3p","transform":{"x":251.54,"y":-12.77,"skX":91.64,"skY":91.64}},{"name":"hair_no3w","transform":{"x":251.54,"y":-12.77,"skX":91.64,"skY":91.64}},{"name":"hair_no4b","transform":{"x":251.54,"y":-12.77,"skX":91.64,"skY":91.64}},{"name":"hair_no4r","transform":{"x":251.54,"y":-12.77,"skX":91.64,"skY":91.64}},{"name":"hair_no4y","transform":{"x":251.54,"y":-12.77,"skX":91.64,"skY":91.64}},{"name":"hair_no5p","transform":{"x":251.54,"y":-12.77,"skX":91.64,"skY":91.64}},{"name":"hair_no5w","transform":{"x":251.54,"y":-12.77,"skX":91.64,"skY":91.64}},{"name":"hair_no1b","transform":{"x":251.54,"y":-12.77,"skX":91.64,"skY":91.64}},{"name":"hair_no5y","transform":{"x":251.54,"y":-12.77,"skX":91.64,"skY":91.64}},{"name":"hair_no5r","transform":{"x":251.54,"y":-12.77,"skX":91.64,"skY":91.64}},{"name":"hair_no5b","transform":{"x":251.54,"y":-12.77,"skX":91.64,"skY":91.64}},{"name":"hair_no4w","transform":{"x":251.54,"y":-12.77,"skX":91.64,"skY":91.64}},{"name":"hair_no4p","transform":{"x":251.54,"y":-12.77,"skX":91.64,"skY":91.64}},{"name":"hair_no3y","transform":{"x":251.54,"y":-12.77,"skX":91.64,"skY":91.64}},{"name":"hair_no3r","transform":{"x":251.54,"y":-12.77,"skX":91.64,"skY":91.64}},{"name":"hair_no3b","transform":{"x":251.54,"y":-12.77,"skX":91.64,"skY":91.64}},{"name":"hair_no2w","transform":{"x":251.54,"y":-12.77,"skX":91.64,"skY":91.64}},{"name":"hair_no2p","transform":{"x":251.54,"y":-12.77,"skX":91.64,"skY":91.64}},{"name":"hair_no1y","transform":{"x":251.54,"y":-12.77,"skX":91.64,"skY":91.64}},{"name":"hair_curly1p","transform":{"x":217.03,"y":-8.64,"skX":91.64,"skY":91.64}},{"name":"hair_curly5w","transform":{"x":217.03,"y":-8.64,"skX":91.64,"skY":91.64}},{"name":"hair_curly1r","transform":{"x":217.03,"y":-8.64,"skX":91.64,"skY":91.64}},{"name":"hair_curly3y","transform":{"x":217.03,"y":-8.64,"skX":91.64,"skY":91.64}},{"name":"hair_curly2r","transform":{"x":217.03,"y":-8.64,"skX":91.64,"skY":91.64}},{"name":"hair_curly1y","transform":{"x":217.03,"y":-8.64,"skX":91.64,"skY":91.64}},{"name":"hair_curly4b","transform":{"x":217.03,"y":-8.64,"skX":91.64,"skY":91.64}},{"name":"hair_curly5r","transform":{"x":217.03,"y":-8.64,"skX":91.64,"skY":91.64}},{"name":"hair_curly1w","transform":{"x":217.03,"y":-8.64,"skX":91.64,"skY":91.64}},{"name":"hair_curly4p","transform":{"x":217.03,"y":-8.64,"skX":91.64,"skY":91.64}},{"name":"hair_curly5y","transform":{"x":217.03,"y":-8.64,"skX":91.64,"skY":91.64}},{"name":"hair_curly1b","transform":{"x":217.02,"y":-8.64,"skX":91.64,"skY":91.64}},{"name":"hair_curly5p","transform":{"x":217.03,"y":-8.64,"skX":91.64,"skY":91.64}},{"name":"hair_curly5b","transform":{"x":217.03,"y":-8.64,"skX":91.64,"skY":91.64}},{"name":"hair_curly2y","transform":{"x":217.03,"y":-8.64,"skX":91.64,"skY":91.64}},{"name":"hair_curly3p","transform":{"x":217.03,"y":-8.64,"skX":91.64,"skY":91.64}},{"name":"hair_curly4w","transform":{"x":217.03,"y":-8.64,"skX":91.64,"skY":91.64}},{"name":"hair_curly3b","transform":{"x":217.03,"y":-8.64,"skX":91.64,"skY":91.64}},{"name":"hair_curly4y","transform":{"x":217.03,"y":-8.64,"skX":91.64,"skY":91.64}},{"name":"hair_curly2p","transform":{"x":217.03,"y":-8.64,"skX":91.64,"skY":91.64}},{"name":"hair_curly2b","transform":{"x":217.03,"y":-8.64,"skX":91.64,"skY":91.64}},{"name":"hair_curly4r","transform":{"x":217.03,"y":-8.64,"skX":91.64,"skY":91.64}},{"name":"hair_curly3r","transform":{"x":217.03,"y":-8.64,"skX":91.64,"skY":91.64}},{"name":"hair_curly2w","transform":{"x":217.03,"y":-8.64,"skX":91.64,"skY":91.64}},{"name":"hair_curly3w","transform":{"x":217.03,"y":-8.64,"skX":91.64,"skY":91.64}},{"name":"hair_bingle4b","transform":{"x":219.25,"y":-3.11,"skX":91.64,"skY":91.64}},{"name":"hair_bingle2w","transform":{"x":219.25,"y":-3.11,"skX":91.64,"skY":91.64}},{"name":"hair_bingle5b","transform":{"x":219.25,"y":-3.11,"skX":91.64,"skY":91.64}},{"name":"hair_bingle1p","transform":{"x":219.25,"y":-3.11,"skX":91.64,"skY":91.64}},{"name":"hair_bingle5p","transform":{"x":219.25,"y":-3.11,"skX":91.64,"skY":91.64}},{"name":"hair_bingle3r","transform":{"x":219.25,"y":-3.11,"skX":91.64,"skY":91.64}},{"name":"hair_bingle3w","transform":{"x":219.25,"y":-3.11,"skX":91.64,"skY":91.64}},{"name":"hair_bingle1r","transform":{"x":219.25,"y":-3.11,"skX":91.64,"skY":91.64}},{"name":"hair_bingle1y","transform":{"x":219.25,"y":-3.11,"skX":91.64,"skY":91.64}},{"name":"hair_bingle2y","transform":{"x":219.25,"y":-3.11,"skX":91.64,"skY":91.64}},{"name":"hair_bingle1w","transform":{"x":219.25,"y":-3.11,"skX":91.64,"skY":91.64}},{"name":"hair_bingle4y","transform":{"x":219.25,"y":-3.11,"skX":91.64,"skY":91.64}},{"name":"hair_bingle3b","transform":{"x":219.25,"y":-3.11,"skX":91.64,"skY":91.64}},{"name":"hair_bingle5y","transform":{"x":219.25,"y":-3.11,"skX":91.64,"skY":91.64}},{"name":"hair_bingle2b","transform":{"x":219.25,"y":-3.11,"skX":91.64,"skY":91.64}},{"name":"hair_bingle1b","transform":{"x":219.25,"y":-3.11,"skX":91.64,"skY":91.64}},{"name":"hair_bingle5r","transform":{"x":219.25,"y":-3.11,"skX":91.64,"skY":91.64}},{"name":"hair_bingle4p","transform":{"x":219.25,"y":-3.11,"skX":91.64,"skY":91.64}},{"name":"hair_bingle2p","transform":{"x":219.25,"y":-3.11,"skX":91.64,"skY":91.64}},{"name":"hair_bingle3y","transform":{"x":219.25,"y":-3.11,"skX":91.64,"skY":91.64}},{"name":"hair_bingle2r","transform":{"x":219.25,"y":-3.11,"skX":91.64,"skY":91.64}},{"name":"hair_bingle5w","transform":{"x":219.25,"y":-3.11,"skX":91.64,"skY":91.64}},{"name":"hair_bingle4w","transform":{"x":219.25,"y":-3.11,"skX":91.64,"skY":91.64}},{"name":"hair_bingle3p","transform":{"x":219.25,"y":-3.11,"skX":91.64,"skY":91.64}},{"name":"hair_bingle4r","transform":{"x":219.25,"y":-3.11,"skX":91.64,"skY":91.64}},{"name":"hair_pot3r","transform":{"x":250.5,"y":-3.78,"skX":91.64,"skY":91.64}},{"name":"hair_pot5p","transform":{"x":250.5,"y":-3.78,"skX":91.64,"skY":91.64}},{"name":"hair_pot5b","transform":{"x":250.5,"y":-3.78,"skX":91.64,"skY":91.64}},{"name":"hair_pot5r","transform":{"x":250.5,"y":-3.78,"skX":91.64,"skY":91.64}},{"name":"hair_pot4p","transform":{"x":250.5,"y":-3.78,"skX":91.64,"skY":91.64}},{"name":"hair_pot6b","transform":{"x":250.5,"y":-3.78,"skX":91.64,"skY":91.64}},{"name":"hair_pot3b","transform":{"x":250.5,"y":-3.78,"skX":91.64,"skY":91.64}},{"name":"hair_pot6p","transform":{"x":250.5,"y":-3.78,"skX":91.64,"skY":91.64}},{"name":"hair_pot6y","transform":{"x":250.5,"y":-3.78,"skX":91.64,"skY":91.64}},{"name":"hair_pot2b","transform":{"x":250.5,"y":-3.78,"skX":91.64,"skY":91.64}},{"name":"hair_pot1p","transform":{"x":250.5,"y":-3.78,"skX":91.64,"skY":91.64}},{"name":"hair_pot2p","transform":{"x":250.5,"y":-3.78,"skX":91.64,"skY":91.64}},{"name":"hair_pot3w","transform":{"x":250.5,"y":-3.78,"skX":91.64,"skY":91.64}},{"name":"hair_pot1b","transform":{"x":250.5,"y":-3.78,"skX":91.64,"skY":91.64}},{"name":"hair_pot3p","transform":{"x":250.5,"y":-3.78,"skX":91.64,"skY":91.64}},{"name":"hair_pot1r","transform":{"x":250.5,"y":-3.78,"skX":91.64,"skY":91.64}},{"name":"hair_pot2w","transform":{"x":250.5,"y":-3.78,"skX":91.64,"skY":91.64}},{"name":"hair_pot4w","transform":{"x":250.5,"y":-3.78,"skX":91.64,"skY":91.64}},{"name":"hair_pot4b","transform":{"x":250.5,"y":-3.78,"skX":91.64,"skY":91.64}},{"name":"hair_pot1w","transform":{"x":250.5,"y":-3.78,"skX":91.64,"skY":91.64}},{"name":"hair_pot4r","transform":{"x":250.5,"y":-3.78,"skX":91.64,"skY":91.64}},{"name":"hair_pot2r","transform":{"x":250.5,"y":-3.78,"skX":91.64,"skY":91.64}},{"name":"hair_pot6w","transform":{"x":250.5,"y":-3.78,"skX":91.64,"skY":91.64}},{"name":"hair_pot5w","transform":{"x":250.5,"y":-3.78,"skX":91.64,"skY":91.64}},{"name":"hair_pot6r","transform":{"x":250.5,"y":-3.78,"skX":91.64,"skY":91.64}}]},{"name":"leg_rb_tall","display":[{"name":"leg_rb_tall","transform":{"x":128.08,"y":24.58,"skX":-96.91,"skY":-96.91}},{"name":"leg_rr_tall","transform":{"x":128.08,"y":24.58,"skX":-96.91,"skY":-96.91}},{"name":"leg_ry_tall","transform":{"x":128.08,"y":24.58,"skX":-96.91,"skY":-96.91}},{"name":"leg_rp_tall","transform":{"x":128.83,"y":24.49,"skX":-96.91,"skY":-96.91}},{"name":"leg_rw_tall","transform":{"x":128.08,"y":24.58,"skX":-96.91,"skY":-96.91}}]},{"name":"eye_middle","display":[{"name":"eye_middle","transform":{"x":192.45,"y":5.5,"skX":91.64,"skY":91.64}},{"name":"eye_big","transform":{"x":192.45,"y":5.5,"skX":91.64,"skY":91.64}},{"name":"eye_small","transform":{"x":192.45,"y":5.5,"skX":91.64,"skY":91.64}}]},{"name":"body_tall","display":[{"name":"body_tall_0","transform":{"x":76.27,"y":-10.2,"skX":91.64,"skY":91.64}},{"name":"body_tall_2","transform":{"x":13.01,"y":-2,"skX":91.64,"skY":91.64}},{"name":"body_tall_3","transform":{"x":76.27,"y":-10.2,"skX":91.64,"skY":91.64}},{"name":"body_tall","transform":{"x":13.03,"y":-2.5,"skX":91.64,"skY":91.64}},{"name":"body_tall_1","transform":{"x":76.27,"y":-10.2,"skX":91.64,"skY":91.64}}]},{"name":"leg_lr_tall","display":[{"name":"leg_lr_tall","transform":{"x":123.11,"y":28.41,"skX":-93.12,"skY":-93.12}},{"name":"leg_lp_tall","transform":{"x":123.36,"y":28.4,"skX":-93.12,"skY":-93.12}},{"name":"leg_ly_tall","transform":{"x":123.11,"y":28.41,"skX":-93.12,"skY":-93.12}},{"name":"leg_lb_tall","transform":{"x":123.11,"y":28.41,"skX":-93.12,"skY":-93.12}},{"name":"leg_lw_tall","transform":{"x":123.11,"y":28.41,"skX":-93.12,"skY":-93.12}}]},{"name":"arm_r_tall","display":[{"name":"arm_rb_tall","transform":{"x":113.88,"y":10.5,"skX":-94.06,"skY":-94.06}},{"name":"arm_rw_tall","transform":{"x":113.88,"y":10.5,"skX":-94.06,"skY":-94.06}},{"name":"arm_ry_tall","transform":{"x":113.88,"y":10.5,"skX":-94.06,"skY":-94.06}},{"name":"arm_rp_tall","transform":{"x":113.38,"y":10.54,"skX":-94.06,"skY":-94.06}},{"name":"arm_rr_tall","transform":{"skX":-85,"skY":-85}},{"name":"arm_rr_tall_1","transform":{"x":113.59,"y":11.07,"skX":-94.02,"skY":-94.02},"path":"arm_rr_tall"}]},{"name":"head_tall","display":[{"name":"head_tall","transform":{"x":63.68,"y":7.45,"skX":99.29,"skY":99.29}},{"name":"head_tall_1","transform":{"x":63.68,"y":7.45,"skX":99.29,"skY":99.29}},{"name":"head_tall_0","transform":{"x":63.68,"y":7.45,"skX":99.29,"skY":99.29}},{"name":"head_tall_3","transform":{"x":63.68,"y":7.45,"skX":99.29,"skY":99.29}},{"name":"head_tall_2","transform":{"x":63.68,"y":7.45,"skX":99.29,"skY":99.29}}]},{"name":"mouth_bigsmile","display":[{"name":"mouth_bigsmile","transform":{"x":162.02,"y":4.63,"skX":91.64,"skY":91.64}},{"name":"mouth_3","transform":{"x":162.02,"y":4.63,"skX":91.64,"skY":91.64}},{"name":"mouth_smile","transform":{"x":162.02,"y":4.63,"skX":91.64,"skY":91.64}},{"name":"mouth_W","transform":{"x":162.02,"y":4.63,"skX":91.64,"skY":91.64}},{"name":"mouth_V","transform":{"x":162.02,"y":4.63,"skX":91.64,"skY":91.64}}]},{"name":"cloth_r","display":[{"name":"cloth_r","transform":{"x":17.52,"y":-11.78,"skX":-88.19,"skY":-88.19}}]},{"name":"cloth_l","display":[{"name":"cloth_l","transform":{"x":7.49,"y":15.06,"skX":-84.92,"skY":-84.92}}]},{"name":"cloth","display":[{"name":"cloth","transform":{"x":-6.35,"y":-3.4,"skX":91.64,"skY":91.64}}]}]}],"animation":[{"duration":25,"playTimes":0,"name":"newAnimation","bone":[{"name":"body","translateFrame":[{"duration":5,"tweenEasing":0},{"duration":4,"tweenEasing":0,"y":12.8},{"duration":4,"tweenEasing":0,"y":-6.98},{"duration":5,"tweenEasing":0},{"duration":4,"tweenEasing":0,"y":12.8},{"duration":3,"tweenEasing":0,"y":-6.98},{"duration":0}]},{"name":"neck","translateFrame":[{"duration":5,"tweenEasing":0},{"duration":4,"tweenEasing":0,"x":-1.62,"y":-0.05},{"duration":4,"tweenEasing":0,"x":1.35,"y":0.04},{"duration":5,"tweenEasing":0},{"duration":4,"tweenEasing":0,"x":-1.62,"y":-0.05},{"duration":3,"tweenEasing":0,"x":1.35,"y":0.04},{"duration":0}]},{"name":"cloth_l_tall","translateFrame":[{"duration":25,"x":5}],"rotateFrame":[{"duration":5,"tweenEasing":0,"rotate":-11.88},{"duration":4,"tweenEasing":0,"rotate":-17.44},{"duration":4,"tweenEasing":0,"rotate":1.13},{"duration":4,"tweenEasing":0,"rotate":7.93},{"duration":4,"tweenEasing":0,"rotate":14.43},{"duration":4,"tweenEasing":0,"rotate":3.4},{"duration":0,"rotate":-11.88}]},{"name":"arm_l_tall","translateFrame":[{"duration":17},{"duration":8,"tweenEasing":0,"x":0.92,"y":0.03},{"duration":0,"x":-0.46,"y":-0.01}],"rotateFrame":[{"duration":5,"tweenEasing":0,"rotate":20.67},{"duration":3,"tweenEasing":0,"rotate":28.33},{"tweenEasing":0,"rotate":16.14},{"duration":4,"tweenEasing":0,"rotate":12.07},{"duration":4,"tweenEasing":0,"rotate":-7.25},{"duration":4,"tweenEasing":0,"rotate":-19.33},{"duration":4,"tweenEasing":0,"rotate":-5.35},{"duration":0,"rotate":20.67}]},{"name":"cloth_r_tall","translateFrame":[{"duration":25,"x":3}],"rotateFrame":[{"duration":5,"tweenEasing":0,"rotate":6.67},{"duration":4,"tweenEasing":0,"rotate":10.07},{"duration":4,"tweenEasing":0,"rotate":-6.32},{"duration":4,"tweenEasing":0,"rotate":-18.47},{"duration":4,"tweenEasing":0,"rotate":-23.64},{"duration":4,"tweenEasing":0,"rotate":-8.16},{"duration":0,"rotate":6.67}]},{"name":"arm_r_tall","translateFrame":[{"duration":5,"tweenEasing":0,"x":-1.15,"y":-0.03},{"duration":4,"tweenEasing":0,"x":-1.79,"y":-0.05},{"duration":4,"tweenEasing":0,"x":-0.44,"y":-0.01},{"duration":4,"tweenEasing":0,"x":1.84,"y":0.05},{"duration":4,"tweenEasing":0,"x":1.88,"y":-1.32},{"duration":4,"tweenEasing":0,"x":0.41,"y":-1.37},{"duration":0,"x":-1.15,"y":-0.03}],"rotateFrame":[{"duration":5,"tweenEasing":0,"rotate":-18.1},{"duration":4,"tweenEasing":0,"rotate":-28.39},{"duration":4,"tweenEasing":0,"rotate":-11.32},{"duration":4,"tweenEasing":0,"rotate":9.81},{"duration":4,"tweenEasing":0,"rotate":21.84},{"duration":4,"tweenEasing":0,"rotate":6.13},{"duration":0,"rotate":-18.1}]},{"name":"leg_l_tall","translateFrame":[{"duration":5,"tweenEasing":0,"x":-3.33,"y":0.56},{"duration":4,"tweenEasing":0,"x":-8.29,"y":-0.01},{"duration":4,"tweenEasing":0,"x":11.57,"y":2.57},{"duration":4,"tweenEasing":0,"x":7.01,"y":2.04},{"duration":4,"tweenEasing":0,"x":-3.9,"y":0.78},{"duration":4,"tweenEasing":0,"x":-12.98,"y":1.26},{"duration":0,"x":-3.33,"y":0.56}],"rotateFrame":[{"duration":5,"tweenEasing":0,"rotate":1},{"duration":4,"tweenEasing":0,"rotate":-3},{"duration":4,"tweenEasing":0,"rotate":1},{"duration":12,"tweenEasing":0,"rotate":-2},{"duration":0,"rotate":1}]},{"name":"leg_r_tall","translateFrame":[{"duration":5},{"duration":4,"tweenEasing":0,"x":-9},{"duration":8,"tweenEasing":0,"x":-9,"y":3.5},{"duration":4,"tweenEasing":0,"x":-9,"y":-4},{"duration":4,"x":0.66,"y":-2.3}],"rotateFrame":[{"duration":9,"tweenEasing":0,"rotate":-8.72},{"duration":4,"tweenEasing":0,"rotate":-15.71},{"duration":4,"tweenEasing":0,"rotate":-5.03},{"duration":8,"tweenEasing":0,"rotate":11.44},{"duration":0,"rotate":-8.72}]},{"name":"head","translateFrame":[{"duration":5,"tweenEasing":0},{"duration":4,"tweenEasing":0,"x":-2.95,"y":-0.42},{"duration":4,"tweenEasing":0,"x":-1.07,"y":-0.15},{"duration":5,"tweenEasing":0},{"duration":4,"tweenEasing":0,"x":-2.95,"y":-0.42},{"duration":3,"tweenEasing":0,"x":-1.07,"y":-0.15},{"duration":0}],"rotateFrame":[{"duration":9,"tweenEasing":0,"rotate":4},{"duration":9,"tweenEasing":0,"rotate":-3},{"duration":7,"tweenEasing":0,"rotate":5},{"duration":0,"rotate":4}]}]}],"defaultActions":[{"gotoAndPlay":"newAnimation"}]}]}