{"imagePath":"normal_girl_tex.png","width":4096,"name":"normal_girl","SubTexture":[{"x":1845,"y":1177,"width":86,"name":"heel_R","height":195},{"x":1766,"y":389,"width":31,"name":"thigh_R","height":78},{"x":1665,"y":1683,"width":74,"name":"heel_L","height":117},{"height":72,"y":907,"frameWidth":22,"frameX":0,"frameHeight":72,"frameY":0,"width":20,"name":"thigh_L","x":1620},{"x":1845,"y":971,"width":145,"name":"body","height":204},{"x":1638,"y":389,"width":126,"name":"top","height":119},{"x":1766,"y":485,"width":9,"name":"^型","height":11},{"x":1285,"y":590,"width":49,"name":"笑口常开型","height":31},{"x":1766,"y":469,"width":12,"name":"3型","height":14},{"x":1780,"y":469,"width":16,"name":"w型","height":10},{"x":1780,"y":481,"width":12,"name":"微笑型","height":9},{"x":1,"y":1943,"width":65,"name":"死鱼眼","height":32},{"x":1285,"y":558,"width":57,"name":"眯眯眼","height":30},{"x":224,"y":1940,"width":71,"name":"乙女眼","height":49},{"x":1285,"y":519,"width":60,"name":"滑稽眼_拷贝_2","height":37},{"x":1098,"y":519,"width":46,"name":"豆豆眼","height":27},{"x":1233,"y":260,"width":133,"name":"白_15","height":257},{"x":1980,"y":583,"width":178,"name":"黄_14","height":192},{"x":1,"y":1,"width":221,"name":"zi","height":276},{"x":1368,"y":1,"width":133,"name":"红_8","height":257},{"x":447,"y":555,"width":221,"name":"黑_0","height":275},{"x":1,"y":279,"width":221,"name":"zi_1","height":276},{"x":875,"y":1653,"width":203,"name":"黄_3","height":181},{"x":447,"y":1663,"width":221,"name":"黄_13","height":275},{"x":1080,"y":1769,"width":133,"name":"白1","height":257},{"x":447,"y":1,"width":221,"name":"黑_6","height":275},{"x":1818,"y":195,"width":178,"name":"白_10","height":192},{"x":1,"y":835,"width":221,"name":"红_3","height":275},{"x":1503,"y":260,"width":133,"name":"紫_9","height":257},{"x":1485,"y":519,"width":133,"name":"黑","height":257},{"x":670,"y":1287,"width":203,"name":"紫_8","height":181},{"x":1215,"y":733,"width":133,"name":"黄_15","height":257},{"x":1350,"y":1037,"width":133,"name":"红_5","height":257},{"x":1350,"y":1814,"width":178,"name":"紫_7","height":192},{"x":447,"y":832,"width":221,"name":"白_0","height":275},{"x":1080,"y":1251,"width":133,"name":"紫_6","height":257},{"x":1845,"y":777,"width":178,"name":"白_1","height":192},{"x":1998,"y":195,"width":178,"name":"黄_1","height":192},{"x":1485,"y":1425,"width":178,"name":"紫_0","height":192},{"x":875,"y":555,"width":203,"name":"黑色_1","height":181},{"x":875,"y":1104,"width":203,"name":"紫","height":181},{"x":1098,"y":1,"width":133,"name":"红_2","height":257},{"x":1638,"y":195,"width":178,"name":"紫_10","height":192},{"x":1098,"y":260,"width":133,"name":"黄_8","height":257},{"x":875,"y":921,"width":203,"name":"紫_5","height":181},{"x":1665,"y":1101,"width":178,"name":"黄_10","height":192},{"x":1368,"y":260,"width":133,"name":"黑_2","height":257},{"x":1503,"y":1,"width":133,"name":"黑_8","height":257},{"x":447,"y":278,"width":221,"name":"黄_0","height":275},{"x":1800,"y":389,"width":178,"name":"紫_4","height":192},{"x":670,"y":1470,"width":203,"name":"白_7","height":181},{"x":1350,"y":778,"width":133,"name":"黄_12","height":257},{"x":1215,"y":1251,"width":133,"name":"黑_5","height":257},{"x":1485,"y":1231,"width":178,"name":"黄_6","height":192},{"x":224,"y":1,"width":221,"name":"黑_9","height":275},{"x":1,"y":1112,"width":221,"name":"黄_9","height":275},{"x":224,"y":1663,"width":221,"name":"黑_3","height":275},{"x":875,"y":1836,"width":203,"name":"红色1","height":181},{"x":1215,"y":1769,"width":133,"name":"黑_11","height":257},{"x":1215,"y":992,"width":133,"name":"白_4","height":257},{"x":1350,"y":519,"width":133,"name":"紫_3","height":257},{"x":670,"y":278,"width":221,"name":"白_9","height":275},{"x":1800,"y":583,"width":178,"name":"黑_4","height":192},{"x":1710,"y":1813,"width":178,"name":"黑_13","height":192},{"x":670,"y":1,"width":221,"name":"黑_12","height":275},{"x":1080,"y":992,"width":133,"name":"白_8","height":257},{"x":1665,"y":1489,"width":178,"name":"红_4","height":192},{"x":893,"y":367,"width":203,"name":"黄","height":181},{"x":1,"y":1666,"width":221,"name":"红_9","height":275},{"x":1080,"y":733,"width":133,"name":"黄1","height":257},{"x":670,"y":555,"width":203,"name":"红色_2","height":181},{"x":1,"y":1389,"width":221,"name":"白_5","height":275},{"x":1080,"y":550,"width":203,"name":"白","height":181},{"x":1665,"y":907,"width":178,"name":"红_7","height":192},{"x":1638,"y":1,"width":178,"name":"白_17","height":192},{"x":224,"y":832,"width":221,"name":"黄_5","height":275},{"x":224,"y":278,"width":221,"name":"红_12","height":275},{"x":875,"y":1287,"width":203,"name":"紫_2","height":181},{"x":1233,"y":1,"width":133,"name":"红_11","height":257},{"x":1980,"y":389,"width":178,"name":"红_13","height":192},{"x":670,"y":1836,"width":203,"name":"白_2","height":181},{"x":893,"y":1,"width":203,"name":"黄_7","height":181},{"x":1485,"y":1619,"width":178,"name":"黑_7","height":192},{"x":1080,"y":1510,"width":133,"name":"紫1","height":257},{"x":224,"y":1386,"width":221,"name":"红_0","height":275},{"x":224,"y":555,"width":221,"name":"白_16","height":275},{"x":670,"y":1653,"width":203,"name":"黄_11","height":181},{"x":893,"y":184,"width":203,"name":"紫_1","height":181},{"x":1818,"y":1,"width":178,"name":"红_10","height":192},{"x":1665,"y":1295,"width":178,"name":"紫_13","height":192},{"x":875,"y":1470,"width":203,"name":"黄_2","height":181},{"x":1,"y":557,"width":221,"name":"紫_12","height":276},{"x":1620,"y":519,"width":178,"name":"红_1","height":192},{"x":1485,"y":778,"width":133,"name":"紫_11","height":257},{"x":1998,"y":1,"width":178,"name":"黑_1","height":192},{"x":670,"y":1104,"width":203,"name":"白_3","height":181},{"x":1350,"y":1555,"width":133,"name":"红","height":257},{"x":1485,"y":1037,"width":178,"name":"黄_17","height":192},{"x":1620,"y":713,"width":178,"name":"黑_10","height":192},{"x":224,"y":1109,"width":221,"name":"白_13","height":275},{"x":670,"y":738,"width":203,"name":"红色","height":181},{"x":875,"y":738,"width":203,"name":"黑色","height":181},{"x":447,"y":1109,"width":221,"name":"红_6","height":275},{"x":1215,"y":1510,"width":133,"name":"黄_4","height":257},{"x":447,"y":1386,"width":221,"name":"黄_16","height":275},{"x":670,"y":921,"width":203,"name":"白_11","height":181},{"x":1350,"y":1296,"width":133,"name":"白_12","height":257},{"x":1530,"y":1813,"width":178,"name":"白_14","height":192}],"height":2048}