{"file":"normal_girl_tex.png","res":{"walk_24":{"x":1491,"y":549,"w":203,"h":558},"walk_23":{"x":2406,"y":1151,"w":173,"h":570},"stand_12":{"x":1874,"y":1,"w":176,"h":577},"stand_5":{"x":2581,"y":1139,"w":166,"h":575},"stand_7":{"x":1696,"y":1,"w":176,"h":577},"stand_14":{"x":2223,"y":580,"w":176,"h":576},"stand_17":{"x":3413,"y":1,"w":163,"h":564},"walk_3":{"x":509,"y":1034,"w":246,"h":534},"stand_4":{"x":3733,"y":1,"w":155,"h":568},"stand_11":{"x":2045,"y":1109,"w":176,"h":578},"stand_16":{"x":2583,"y":1,"w":170,"h":571},"walk_10":{"x":3899,"y":1142,"w":157,"h":571},"walk_1":{"x":1252,"y":1034,"w":237,"h":540},"walk_5":{"x":1,"y":1034,"w":254,"h":525},"stand_22":{"x":3076,"y":1153,"w":163,"h":566},"stand_24":{"x":3076,"y":584,"w":163,"h":567},"walk_12":{"x":2223,"y":1158,"w":181,"h":558},"stand_15":{"x":2408,"y":1,"w":173,"h":574},"walk_13":{"x":987,"y":1,"w":227,"h":542},"walk_18":{"x":512,"y":1,"w":240,"h":530},"stand_3":{"x":2757,"y":570,"w":162,"h":566},"stand_1":{"x":2913,"y":1139,"w":161,"h":584},"walk_8":{"x":2755,"y":1,"w":164,"h":567},"stand_10":{"x":1867,"y":1109,"w":176,"h":578},"stand_6":{"x":1689,"y":1109,"w":176,"h":579},"walk_7":{"x":1491,"y":1109,"w":196,"h":558},"stand_13":{"x":2052,"y":1,"w":176,"h":577},"walk_16":{"x":1,"y":513,"w":260,"h":519},"walk_19":{"x":1444,"y":1,"w":209,"h":546},"walk_20":{"x":2579,"y":577,"w":176,"h":560},"walk_2":{"x":1008,"y":1034,"w":242,"h":538},"stand_20":{"x":3248,"y":1,"w":163,"h":565},"walk_21":{"x":3739,"y":1142,"w":158,"h":569},"stand_18":{"x":3406,"y":1135,"w":163,"h":564},"stand_9":{"x":2230,"y":1,"w":176,"h":575},"walk_9":{"x":3571,"y":567,"w":160,"h":573},"walk_6":{"x":1216,"y":1,"w":226,"h":543},"walk_15":{"x":757,"y":1034,"w":249,"h":527},"walk_4":{"x":257,"y":1034,"w":250,"h":530},"stand_23":{"x":3083,"y":1,"w":163,"h":567},"stand_2":{"x":2749,"y":1139,"w":162,"h":584},"walk_0":{"x":754,"y":1,"w":231,"h":541},"walk_22":{"x":3578,"y":1142,"w":159,"h":573},"stand_21":{"x":3241,"y":570,"w":163,"h":566},"stand_0":{"x":2921,"y":1,"w":160,"h":581},"walk_14":{"x":272,"y":1,"w":238,"h":535},"stand_8":{"x":2401,"y":578,"w":176,"h":571},"walk_17":{"x":1,"y":1,"w":269,"h":510},"stand_19":{"x":3241,"y":1138,"w":163,"h":565},"walk_11":{"x":3406,"y":568,"w":163,"h":565}},"mc":{"normal_girl":{"frameRate":24,"events":[],"frames":[{"duration":1,"y":-561,"res":"stand_0","x":-80},{"duration":1,"y":-563,"res":"stand_1","x":-82},{"duration":1,"y":-563,"res":"stand_2","x":-84},{"duration":1,"y":-564,"res":"stand_3","x":-86},{"duration":1,"y":-561,"res":"stand_4","x":-72},{"duration":1,"y":-565,"res":"stand_5","x":-91},{"duration":1,"y":-567,"res":"stand_6","x":-110},{"duration":1,"y":-567,"res":"stand_7","x":-110},{"duration":1,"y":-567,"res":"stand_8","x":-110},{"duration":1,"y":-567,"res":"stand_9","x":-110},{"duration":1,"y":-567,"res":"stand_10","x":-110},{"duration":1,"y":-567,"res":"stand_11","x":-110},{"duration":1,"y":-567,"res":"stand_12","x":-110},{"duration":1,"y":-567,"res":"stand_13","x":-110},{"duration":1,"y":-567,"res":"stand_14","x":-110},{"duration":1,"y":-565,"res":"stand_15","x":-103},{"duration":1,"y":-562,"res":"stand_16","x":-95},{"duration":1,"y":-554,"res":"stand_17","x":-73},{"duration":1,"y":-554,"res":"stand_18","x":-73},{"duration":1,"y":-554,"res":"stand_19","x":-73},{"duration":1,"y":-554,"res":"stand_20","x":-73},{"duration":1,"y":-554,"res":"stand_21","x":-73},{"duration":1,"y":-554,"res":"stand_22","x":-73},{"duration":1,"y":-554,"res":"stand_23","x":-73},{"duration":1,"y":-554,"res":"stand_24","x":-73},{"duration":1,"y":-538,"res":"walk_0","x":-113},{"duration":1,"y":-533,"res":"walk_1","x":-117},{"duration":1,"y":-528,"res":"walk_2","x":-122},{"duration":1,"y":-523,"res":"walk_3","x":-125},{"duration":1,"y":-518,"res":"walk_4","x":-128},{"duration":1,"y":-512,"res":"walk_5","x":-130},{"duration":1,"y":-523,"res":"walk_6","x":-116},{"duration":1,"y":-537,"res":"walk_7","x":-99},{"duration":1,"y":-550,"res":"walk_8","x":-81},{"duration":1,"y":-561,"res":"walk_9","x":-80},{"duration":1,"y":-557,"res":"walk_10","x":-73},{"duration":1,"y":-552,"res":"walk_11","x":-67},{"duration":1,"y":-547,"res":"walk_12","x":-73},{"duration":1,"y":-540,"res":"walk_13","x":-102},{"duration":1,"y":-532,"res":"walk_14","x":-107},{"duration":1,"y":-525,"res":"walk_15","x":-113},{"duration":1,"y":-518,"res":"walk_16","x":-117},{"duration":1,"y":-511,"res":"walk_17","x":-121},{"duration":1,"y":-520,"res":"walk_18","x":-106},{"duration":1,"y":-532,"res":"walk_19","x":-88},{"duration":1,"y":-546,"res":"walk_20","x":-72},{"duration":1,"y":-559,"res":"walk_21","x":-75},{"duration":1,"y":-555,"res":"walk_22","x":-69},{"duration":1,"y":-550,"res":"walk_23","x":-79},{"duration":1,"y":-545,"res":"walk_24","x":-97}],"labels":[{"name":"stand","frame":1,"end":25},{"name":"walk","frame":26,"end":50}]}}}