{"SubTexture":[{"x":1505,"y":235,"width":54,"name":"arm_lw_tall_0","height":263},{"x":1337,"y":1,"width":54,"name":"arm_lr_tall","height":263},{"x":1449,"y":235,"width":54,"name":"arm_lb_tall","height":263},{"x":1393,"y":235,"width":54,"name":"arm_ly_tall","height":263},{"x":1071,"y":1247,"width":53,"name":"arm_lp_tall","height":263},{"x":846,"y":1468,"width":90,"name":"leg_lp_tall","height":240},{"x":754,"y":1225,"width":90,"name":"leg_ly_tall","height":241},{"x":754,"y":1468,"width":90,"name":"leg_lw_tall","height":241},{"x":846,"y":1225,"width":90,"name":"leg_lr_tall","height":241},{"x":754,"y":1711,"width":90,"name":"leg_lb_tall","height":241},{"height":78,"y":1620,"frameWidth":68,"frameX":-5,"frameHeight":108,"frameY":-29,"width":63,"name":"cloth_l","x":938},{"x":1,"y":742,"width":101,"name":"leg_ry_tall","height":245},{"x":1,"y":495,"width":101,"name":"leg_rb_tall","height":245},{"x":1,"y":248,"width":101,"name":"leg_rr_tall","height":245},{"x":1,"y":989,"width":101,"name":"leg_rp_tall","height":244},{"x":1,"y":1,"width":101,"name":"leg_rw_tall","height":245},{"height":76,"y":1620,"frameWidth":68,"frameX":0,"frameHeight":94,"frameY":-19,"width":41,"name":"cloth_r","x":1003},{"height":180,"y":266,"frameWidth":89,"frameX":-21,"frameHeight":368,"frameY":-128,"width":68,"name":"body_tall_3","x":1308},{"height":242,"y":1710,"frameWidth":89,"frameX":-20,"frameHeight":368,"frameY":-126,"width":69,"name":"body_tall_0","x":846},{"height":242,"y":769,"frameWidth":70,"frameX":0,"frameHeight":242,"frameY":0,"width":64,"name":"body_tall","x":949},{"height":242,"y":245,"frameWidth":69,"frameX":0,"frameHeight":242,"frameY":0,"width":63,"name":"body_tall_2","x":977},{"height":242,"y":1,"frameWidth":89,"frameX":-20,"frameHeight":368,"frameY":-126,"width":64,"name":"body_tall_1","x":977},{"height":19,"y":448,"frameWidth":68,"frameX":-3,"frameHeight":94,"frameY":-12,"width":59,"name":"cloth","x":1308},{"height":247,"y":1247,"frameWidth":53,"frameX":0,"frameHeight":248,"frameY":-1,"width":53,"name":"arm_rr_tall","x":1181},{"height":247,"y":1496,"frameWidth":53,"frameX":0,"frameHeight":248,"frameY":-1,"width":53,"name":"arm_rw_tall","x":1234},{"x":1126,"y":1247,"width":53,"name":"arm_rp_tall","height":248},{"x":1179,"y":1497,"width":53,"name":"arm_ry_tall","height":248},{"height":247,"y":1747,"frameWidth":53,"frameX":0,"frameHeight":248,"frameY":-1,"width":53,"name":"arm_rb_tall","x":1179},{"x":821,"y":1025,"width":23,"name":"neck_tall_0","height":15},{"x":1002,"y":489,"width":23,"name":"neck_tall_3","height":15},{"x":1308,"y":235,"width":23,"name":"neck_tall_1","height":15},{"x":1042,"y":479,"width":23,"name":"neck_tall","height":15},{"x":977,"y":489,"width":23,"name":"neck_tall_2","height":15},{"x":821,"y":517,"width":126,"name":"head_tall_0","height":125},{"x":848,"y":1025,"width":126,"name":"head_tall_3","height":125},{"x":821,"y":771,"width":126,"name":"head_tall_2","height":125},{"x":821,"y":898,"width":126,"name":"head_tall","height":125},{"x":821,"y":644,"width":126,"name":"head_tall_1","height":125},{"x":1175,"y":235,"width":131,"name":"hair_bingle3r","height":115},{"x":692,"y":904,"width":127,"name":"hair_pot1r","height":127},{"x":1046,"y":1854,"width":131,"name":"hair_bingle1w","height":115},{"x":949,"y":643,"width":127,"name":"hair_pot4w","height":124},{"x":692,"y":130,"width":127,"name":"hair_pot3p","height":127},{"x":1,"y":1541,"width":154,"name":"hair_no5y","height":151},{"x":157,"y":1837,"width":154,"name":"hair_no2p","height":151},{"x":1175,"y":352,"width":131,"name":"hair_bingle2p","height":115},{"x":104,"y":307,"width":154,"name":"hair_no1r","height":151},{"x":1043,"y":118,"width":131,"name":"hair_bingle4p","height":115},{"x":1015,"y":886,"width":131,"name":"hair_bingle3w","height":115},{"x":692,"y":259,"width":127,"name":"hair_pot2r","height":127},{"x":1078,"y":479,"width":131,"name":"hair_bingle1r","height":115},{"x":563,"y":775,"width":127,"name":"hair_pot6p","height":127},{"x":1043,"y":1,"width":131,"name":"hair_bingle3b","height":115},{"x":260,"y":460,"width":154,"name":"hair_no4w","height":151},{"x":692,"y":1,"width":127,"name":"hair_pot2p","height":127},{"x":1042,"y":245,"width":131,"name":"hair_bingle3y","height":115},{"x":1176,"y":118,"width":131,"name":"hair_bingle5y","height":115},{"x":563,"y":388,"width":127,"name":"hair_pot1b","height":127},{"x":1078,"y":596,"width":131,"name":"hair_bingle4y","height":115},{"x":460,"y":1684,"width":145,"name":"hair_curly4w","height":151},{"x":313,"y":1531,"width":145,"name":"hair_curly1r","height":151},{"x":917,"y":1839,"width":127,"name":"hair_pot6b","height":127},{"x":848,"y":259,"width":127,"name":"hair_pot6w","height":127},{"x":938,"y":1269,"width":131,"name":"hair_bingle1p","height":115},{"x":1015,"y":769,"width":131,"name":"hair_bingle5b","height":115},{"x":563,"y":1,"width":127,"name":"hair_pot3r","height":127},{"x":416,"y":1,"width":145,"name":"hair_curly5b","height":151},{"x":313,"y":1684,"width":145,"name":"hair_curly5w","height":151},{"x":563,"y":646,"width":127,"name":"hair_pot6r","height":127},{"x":313,"y":1837,"width":145,"name":"hair_curly3p","height":151},{"x":1211,"y":469,"width":131,"name":"hair_bingle1y","height":115},{"x":607,"y":1225,"width":145,"name":"hair_curly5r","height":151},{"x":692,"y":388,"width":127,"name":"hair_pot1p","height":127},{"x":416,"y":307,"width":145,"name":"hair_curly3b","height":151},{"x":1204,"y":713,"width":131,"name":"hair_bingle4b","height":115},{"x":938,"y":1503,"width":131,"name":"hair_bingle5r","height":115},{"x":1,"y":1388,"width":154,"name":"hair_no5r","height":151},{"x":563,"y":259,"width":127,"name":"hair_pot5p","height":127},{"x":260,"y":154,"width":154,"name":"hair_no2r","height":151},{"x":104,"y":1,"width":154,"name":"hair_no5w","height":151},{"x":104,"y":919,"width":154,"name":"hair_no1w","height":151},{"x":157,"y":1684,"width":154,"name":"hair_no1b","height":151},{"x":104,"y":460,"width":154,"name":"hair_no3y","height":151},{"x":848,"y":130,"width":127,"name":"hair_pot4p","height":127},{"x":416,"y":154,"width":145,"name":"hair_curly3y","height":151},{"x":692,"y":775,"width":127,"name":"hair_pot3w","height":127},{"x":260,"y":1072,"width":145,"name":"hair_curly2y","height":151},{"x":460,"y":1225,"width":145,"name":"hair_curly3r","height":151},{"x":1176,"y":1,"width":131,"name":"hair_bingle2b","height":115},{"x":1042,"y":362,"width":131,"name":"hair_bingle2r","height":115},{"x":917,"y":1710,"width":127,"name":"hair_pot4b","height":127},{"x":157,"y":1378,"width":154,"name":"hair_no4b","height":151},{"x":416,"y":766,"width":145,"name":"hair_curly4y","height":151},{"x":563,"y":130,"width":127,"name":"hair_pot4r","height":127},{"x":416,"y":460,"width":145,"name":"hair_curly2b","height":151},{"x":157,"y":1225,"width":154,"name":"hair_no3b","height":151},{"x":949,"y":517,"width":127,"name":"hair_pot5w","height":124},{"x":607,"y":1531,"width":145,"name":"hair_curly2w","height":151},{"x":460,"y":1531,"width":145,"name":"hair_curly2p","height":151},{"x":848,"y":388,"width":127,"name":"hair_pot2w","height":127},{"x":607,"y":1684,"width":145,"name":"hair_curly5y","height":151},{"x":1046,"y":1737,"width":131,"name":"hair_bingle5p","height":115},{"x":260,"y":919,"width":154,"name":"hair_no4r","height":151},{"x":563,"y":517,"width":127,"name":"hair_pot3b","height":127},{"x":1,"y":1694,"width":154,"name":"hair_no4p","height":151},{"x":938,"y":1386,"width":131,"name":"hair_bingle3p","height":115},{"x":701,"y":1072,"width":145,"name":"hair_curly1p","height":151},{"x":563,"y":904,"width":127,"name":"hair_pot1w","height":127},{"x":1109,"y":1003,"width":131,"name":"hair_bingle1b","height":115},{"x":692,"y":646,"width":127,"name":"hair_pot2b","height":127},{"x":554,"y":1072,"width":145,"name":"hair_curly2r","height":151},{"x":607,"y":1378,"width":145,"name":"hair_curly3w","height":151},{"x":104,"y":766,"width":154,"name":"hair_no3w","height":151},{"x":104,"y":154,"width":154,"name":"hair_no3r","height":151},{"x":848,"y":1,"width":127,"name":"hair_pot5r","height":127},{"x":416,"y":919,"width":145,"name":"hair_curly4r","height":151},{"x":260,"y":1,"width":154,"name":"hair_no3p","height":151},{"x":1071,"y":1130,"width":131,"name":"hair_bingle2w","height":115},{"x":460,"y":1378,"width":145,"name":"hair_curly1y","height":151},{"x":1,"y":1235,"width":154,"name":"hair_no5p","height":151},{"x":104,"y":1072,"width":154,"name":"hair_no1y","height":151},{"x":104,"y":613,"width":154,"name":"hair_no1p","height":151},{"x":460,"y":1837,"width":145,"name":"hair_curly4b","height":151},{"x":416,"y":613,"width":145,"name":"hair_curly4p","height":151},{"x":1,"y":1847,"width":154,"name":"hair_no5b","height":151},{"x":607,"y":1837,"width":127,"name":"hair_pot5b","height":127},{"x":1046,"y":1620,"width":131,"name":"hair_bingle5w","height":115},{"x":407,"y":1072,"width":145,"name":"hair_curly1w","height":151},{"x":260,"y":766,"width":154,"name":"hair_no2y","height":151},{"x":260,"y":613,"width":154,"name":"hair_no2b","height":151},{"x":313,"y":1225,"width":145,"name":"hair_curly5p","height":151},{"x":976,"y":1013,"width":131,"name":"hair_bingle2y","height":115},{"x":157,"y":1531,"width":154,"name":"hair_no4y","height":151},{"x":1148,"y":830,"width":131,"name":"hair_bingle4r","height":115},{"x":938,"y":1152,"width":131,"name":"hair_bingle4w","height":115},{"x":313,"y":1378,"width":145,"name":"hair_curly1b","height":151},{"x":260,"y":307,"width":154,"name":"hair_no2w","height":151},{"x":692,"y":517,"width":127,"name":"hair_pot6y","height":127},{"x":1308,"y":252,"width":13,"name":"mouth_V","height":12},{"x":1078,"y":713,"width":62,"name":"mouth_bigsmile","height":39},{"x":919,"y":1152,"width":11,"name":"mouth_3","height":20},{"x":949,"y":1013,"width":23,"name":"mouth_smile","height":10},{"x":1027,"y":496,"width":23,"name":"mouth_W","height":13},{"x":631,"y":1033,"width":66,"name":"eye_small","height":32},{"x":563,"y":1033,"width":66,"name":"eye_middle","height":35},{"x":848,"y":1152,"width":69,"name":"eye_big","height":46}],"width":2048,"name":"normal_boy","imagePath":"normal_boy_tex.png","height":2048}