{"frameRate":24,"name":"normal_girl","version":"5.5","compatibleVersion":"5.5","armature":[{"type":"Armature","frameRate":24,"name":"armatureName","aabb":{"x":-55.08,"y":-541.41,"width":178,"height":569.62},"bone":[{"name":"root"},{"length":167,"name":"body","parent":"root","transform":{"x":4.2,"y":-208.975,"skX":-87.694,"skY":-87.694}},{"length":18.5,"name":"top","parent":"body","transform":{"x":167.16855,"y":0.82435,"skX":5.4869,"skY":5.4869}},{"length":66.5,"name":"thigh_R","parent":"body","transform":{"x":-31.72725,"y":-16.3543,"skX":162.4197,"skY":162.4197}},{"length":72,"name":"thigh_L","parent":"body","transform":{"x":-19.2065,"y":5.03425,"skX":174.6138,"skY":174.6138}},{"length":59.5,"name":"hair","parent":"top","transform":{"x":21.94105,"y":-0.45425,"skX":38.8968,"skY":38.8968}},{"length":24,"name":"mouth","parent":"top","transform":{"x":18.622,"skX":-93.8578,"skY":-93.8578}},{"length":32.5,"name":"eye","parent":"top","transform":{"x":20.2815,"y":-0.2271,"skX":-6.3488,"skY":-6.3488}},{"length":84,"name":"heel_L","parent":"thigh_L","transform":{"x":72.0638,"y":-0.2645,"skX":12.2599,"skY":12.2599}},{"length":68,"name":"heel_R","parent":"thigh_R","transform":{"x":67.4989,"y":-1.9386,"skX":-31.7552,"skY":-31.7552}}],"slot":[{"name":"heel_R","parent":"heel_R"},{"name":"thigh_R","parent":"thigh_R"},{"name":"heel_L","parent":"heel_L"},{"name":"thigh_L","parent":"thigh_L"},{"name":"body","parent":"body"},{"name":"top","parent":"top"},{"displayIndex":1,"name":"嘴","parent":"mouth"},{"name":"眼睛","parent":"eye"},{"displayIndex":48,"name":"头发","parent":"hair"}],"skin":[{"slot":[{"name":"眼睛","display":[{"name":"乙女眼","transform":{"x":37.45,"y":-8.47,"skX":88.56,"skY":88.56}},{"name":"滑稽眼_拷贝_2","transform":{"x":38.43,"y":-9.25,"skX":88.56,"skY":88.56}},{"name":"死鱼眼","transform":{"x":37.77,"y":-5.73,"skX":88.56,"skY":88.56}},{"name":"咪咪眼","transform":{"x":39.16,"y":-10.02,"skX":88.56,"skY":88.56}},{"name":"豆豆眼","transform":{"x":43.86,"y":-11.88,"skX":88.56,"skY":88.56}}]},{"name":"头发","display":[{"name":"紫","transform":{"x":33.95,"y":-10.91,"skX":43.31,"skY":43.31}},{"name":"黄","transform":{"x":33.95,"y":-10.91,"skX":43.31,"skY":43.31}},{"name":"白","transform":{"x":33.95,"y":-10.91,"skX":43.31,"skY":43.31}},{"name":"黑色","transform":{"x":33.95,"y":-10.91,"skX":43.31,"skY":43.31}},{"name":"红色","transform":{"x":33.95,"y":-10.91,"skX":43.31,"skY":43.31}},{"name":"zi","transform":{"x":-2.94,"y":35.98,"skX":43.13,"skY":43.13}},{"name":"黑色_1","transform":{"x":32.52,"y":-9.85,"skX":43.31,"skY":43.31}},{"name":"黑_9","transform":{"x":-3.03,"y":36.32,"skX":43.31,"skY":43.31}},{"name":"黑_8","transform":{"x":1.81,"y":14.98,"skX":43.31,"skY":43.31}},{"name":"黑_7","transform":{"x":69.59,"y":-39.31,"skX":43.31,"skY":43.31}},{"name":"黑_6","transform":{"x":-1.98,"y":37.31,"skX":43.31,"skY":43.31}},{"name":"黑_5","transform":{"x":1.5,"y":16.02,"skX":43.31,"skY":43.31}},{"name":"黑_4","transform":{"x":69.67,"y":-36.57,"skX":43.31,"skY":43.31}},{"name":"黑_3","transform":{"x":-2.66,"y":37.33,"skX":43.31,"skY":43.31}},{"name":"黑_2","transform":{"x":1.83,"y":15.67,"skX":43.31,"skY":43.31}},{"name":"黑_13","transform":{"x":68.34,"y":-35.17,"skX":43.31,"skY":43.31}},{"name":"黑_12","transform":{"x":-2.7,"y":35.97,"skX":43.31,"skY":43.31}},{"name":"黑_11","transform":{"x":1.83,"y":15.67,"skX":43.31,"skY":43.31}},{"name":"黑_10","transform":{"x":70.66,"y":-37.63,"skX":43.31,"skY":43.31}},{"name":"黑_1","transform":{"x":68.65,"y":-36.2,"skX":43.31,"skY":43.31}},{"name":"黑_0","transform":{"x":-3.05,"y":35.63,"skX":43.31,"skY":43.31}},{"name":"黑","transform":{"x":1.5,"y":16.02,"skX":43.31,"skY":43.31}},{"name":"黄_9","transform":{"x":-2.37,"y":35.61,"skX":43.31,"skY":43.31}},{"name":"黄_8","transform":{"x":1.85,"y":16.35,"skX":43.31,"skY":43.31}},{"name":"黄_7","transform":{"x":34.22,"y":-10.24,"skX":43.31,"skY":43.31}},{"name":"黄_6","transform":{"x":69.65,"y":-37.26,"skX":43.31,"skY":43.31}},{"name":"黄_5","transform":{"x":-2.7,"y":35.97,"skX":43.31,"skY":43.31}},{"name":"黄_4","transform":{"x":1.85,"y":16.35,"skX":43.31,"skY":43.31}},{"name":"黄_3","transform":{"x":33.49,"y":-11.58,"skX":43.31,"skY":43.31}},{"name":"黄_2","transform":{"x":33.85,"y":-11.25,"skX":43.31,"skY":43.31}},{"name":"黄_17","transform":{"x":68.3,"y":-36.53,"skX":43.31,"skY":43.31}},{"name":"黄_16","transform":{"x":-2.34,"y":36.29,"skX":43.31,"skY":43.31}},{"name":"黄_15","transform":{"x":1.85,"y":16.35,"skX":43.31,"skY":43.31}},{"name":"黄_14","transform":{"x":67.31,"y":-35.48,"skX":43.31,"skY":43.31}},{"name":"黄_13","transform":{"x":-2.34,"y":36.29,"skX":43.31,"skY":43.31}},{"name":"黄_12","transform":{"x":1.85,"y":16.35,"skX":43.31,"skY":43.31}},{"name":"黄_11","transform":{"x":34.21,"y":-10.23,"skX":43.31,"skY":43.31}},{"name":"黄_10","transform":{"x":68.34,"y":-35.17,"skX":43.31,"skY":43.31}},{"name":"黄_1","transform":{"x":68.63,"y":-36.89,"skX":43.31,"skY":43.31}},{"name":"黄_0","transform":{"x":-2.35,"y":36.29,"skX":43.31,"skY":43.31}},{"name":"黄1","transform":{"x":1.5,"y":16.02,"skX":43.31,"skY":43.31}},{"name":"红色_2","transform":{"x":33.91,"y":-9.2,"skX":43.31,"skY":43.31}},{"name":"红色1","transform":{"x":32.54,"y":-9.16,"skX":43.31,"skY":43.31}},{"name":"红_9","transform":{"x":-2.68,"y":36.65,"skX":43.31,"skY":43.31}},{"name":"红_8","transform":{"x":1.5,"y":16.01,"skX":43.31,"skY":43.31}},{"name":"红_7","transform":{"x":67.37,"y":-33.43,"skX":43.31,"skY":43.31}},{"name":"红_6","transform":{"x":-2.34,"y":36.29,"skX":43.31,"skY":43.31}},{"name":"红_5","transform":{"x":1.83,"y":16.34,"skX":43.31,"skY":43.31}},{"name":"红_4","transform":{"x":69.65,"y":-37.26,"skX":43.31,"skY":43.31}},{"name":"红_3","transform":{"x":-2.34,"y":36.29,"skX":43.31,"skY":43.31}},{"name":"红_2","transform":{"x":1.83,"y":15.68,"skX":43.31,"skY":43.31}},{"name":"红_13","transform":{"x":68.9,"y":-35.98,"skX":43.31,"skY":43.31}},{"name":"红_12","transform":{"x":-2.73,"y":36.44,"skX":43.31,"skY":43.31}},{"name":"红_11","transform":{"x":1.85,"y":15.87,"skX":43.31,"skY":43.31}},{"name":"红_10","transform":{"x":67.88,"y":-35.6,"skX":43.31,"skY":43.31}},{"name":"红_1","transform":{"x":68.92,"y":-35.28,"skX":43.31,"skY":43.31}},{"name":"红_0","transform":{"x":-2.05,"y":36.42,"skX":43.31,"skY":43.31}},{"name":"红","transform":{"x":1.5,"y":16.24,"skX":43.31,"skY":43.31}},{"name":"紫_9","transform":{"x":1.83,"y":15.88,"skX":43.31,"skY":43.31}},{"name":"紫_8","transform":{"x":33.65,"y":-9.99,"skX":43.31,"skY":43.31}},{"name":"紫_7","transform":{"x":66.53,"y":-34.17,"skX":43.31,"skY":43.31}},{"name":"紫_6","transform":{"x":1.52,"y":16.23,"skX":43.31,"skY":43.31}},{"name":"紫_5","transform":{"x":33.67,"y":-9.3,"skX":43.31,"skY":43.31}},{"name":"紫_4","transform":{"x":67.86,"y":-36.29,"skX":43.31,"skY":43.31}},{"name":"紫_3","transform":{"x":1.17,"y":15.9,"skX":43.31,"skY":43.31}},{"name":"紫_2","transform":{"x":33.68,"y":-8.61,"skX":43.31,"skY":43.31}},{"name":"紫_13","transform":{"x":67.88,"y":-35.6,"skX":43.31,"skY":43.31}},{"name":"紫_12","transform":{"x":-2.4,"y":36.09,"skX":43.31,"skY":43.31}},{"name":"紫_11","transform":{"x":1.86,"y":15.87,"skX":43.31,"skY":43.31}},{"name":"紫_10","transform":{"x":67.56,"y":-34.56,"skX":43.31,"skY":43.31}},{"name":"紫_1","transform":{"x":33.68,"y":-8.61,"skX":43.31,"skY":43.31}},{"name":"紫_0","transform":{"x":67.56,"y":-34.55,"skX":43.31,"skY":43.31}},{"name":"紫1","transform":{"x":1.85,"y":15.88,"skX":43.31,"skY":43.31}},{"name":"白_9","transform":{"x":-2.41,"y":36.1,"skX":43.31,"skY":43.31}},{"name":"白_8","transform":{"x":1.85,"y":15.88,"skX":43.31,"skY":43.31}},{"name":"白_7","transform":{"x":33.67,"y":-9.31,"skX":43.31,"skY":43.31}},{"name":"白_5","transform":{"x":-2.4,"y":36.08,"skX":43.31,"skY":43.31}},{"name":"白_4","transform":{"x":1.83,"y":15.88,"skX":43.31,"skY":43.31}},{"name":"白_3","transform":{"x":33.29,"y":-10.33,"skX":43.31,"skY":43.31}},{"name":"白_2","transform":{"x":33.35,"y":-10.17,"skX":43.31,"skY":43.31}},{"name":"白_17","transform":{"x":67.5,"y":-36.63,"skX":43.31,"skY":43.31}},{"name":"白_16","transform":{"x":-2.39,"y":36.12,"skX":43.31,"skY":43.31}},{"name":"白_15","transform":{"x":1.88,"y":15.89,"skX":43.31,"skY":43.31}},{"name":"白_14","transform":{"x":68.21,"y":-35.96,"skX":43.31,"skY":43.31}},{"name":"白_13","transform":{"x":-2.41,"y":36.1,"skX":43.31,"skY":43.31}},{"name":"白_12","transform":{"x":1.85,"y":15.89,"skX":43.31,"skY":43.31}},{"name":"白_11","transform":{"x":33.29,"y":-10.33,"skX":43.31,"skY":43.31}},{"name":"白_10","transform":{"x":68.21,"y":-35.98,"skX":43.31,"skY":43.31}},{"name":"白_1","transform":{"x":67.19,"y":-35.58,"skX":43.31,"skY":43.31}},{"name":"白_0","transform":{"x":-2.61,"y":36.09,"skX":43.44,"skY":43.44}},{"name":"白1","transform":{"x":1.51,"y":16.24,"skX":43.44,"skY":43.44}},{"name":"zi_1","transform":{"x":-2.35,"y":36.3,"skX":43.31,"skY":43.31}}]},{"name":"heel_R","display":[{"name":"heel_R","transform":{"x":24.01,"y":-23.87,"skX":-45.54,"skY":-45.54}}]},{"name":"thigh_R","display":[{"name":"thigh_R","transform":{"x":30.7,"y":1.21,"skX":-74.73,"skY":-74.73}}]},{"name":"heel_L","display":[{"name":"heel_L","transform":{"x":53.27,"y":13.77,"skX":-99.18,"skY":-99.18}}]},{"name":"thigh_L","display":[{"name":"thigh_L","transform":{"x":36.62,"y":0.18,"skX":-86.92,"skY":-86.92}}]},{"name":"body","display":[{"name":"body","transform":{"x":71.27,"y":17.2,"skX":87.69,"skY":87.69}}]},{"name":"top","display":[{"name":"top","transform":{"x":59.43,"y":4.48,"skX":82.21,"skY":82.21}}]},{"name":"嘴","display":[{"name":"^型","transform":{"x":28.29,"y":2.89,"skX":176.06,"skY":176.06}},{"name":"w型","transform":{"x":26.52,"y":-1,"skX":176.06,"skY":176.06}},{"name":"3型","transform":{"x":29.93,"y":1.27,"skX":176.06,"skY":176.06}},{"name":"微笑型","transform":{"x":27.04,"y":2.98,"skX":176.06,"skY":176.06}},{"name":"笑口常开型","transform":{"x":27.46,"y":5.45,"skX":176.06,"skY":176.06}}]}]}],"animation":[{"duration":25,"playTimes":0,"name":"站立","bone":[{"name":"body","translateFrame":[{"duration":25,"y":22.48}],"rotateFrame":[{"duration":4},{"duration":2,"tweenEasing":0,"rotate":3},{"duration":10,"tweenEasing":0,"rotate":-5.33},{"tweenEasing":0,"rotate":-5.33},{"duration":8,"rotate":-2.31}]},{"name":"top","translateFrame":[{"duration":25,"x":-3.5}],"rotateFrame":[{"duration":3,"tweenEasing":0,"rotate":-14.91},{"duration":11,"tweenEasing":0,"rotate":-18.22},{"duration":3,"tweenEasing":0,"rotate":-18.22},{"duration":8,"rotate":-5.49}]},{"name":"thigh_R","translateFrame":[{"duration":3},{"duration":2,"tweenEasing":0,"x":22.5},{"duration":5,"tweenEasing":0,"x":28},{"duration":15,"tweenEasing":0,"x":8.5},{"duration":0,"x":9.5,"y":-4}],"rotateFrame":[{"duration":10,"tweenEasing":0,"rotate":13.58},{"duration":15,"tweenEasing":0,"rotate":39.24},{"duration":0,"rotate":9.57}]},{"name":"thigh_L","rotateFrame":[{"duration":8,"tweenEasing":0,"rotate":30.96},{"duration":2,"tweenEasing":0,"rotate":19.58},{"duration":6,"tweenEasing":0,"rotate":6.79},{"duration":9,"tweenEasing":0,"rotate":13.67},{"duration":0,"rotate":10.52}]},{"name":"heel_L","translateFrame":[{"duration":2,"tweenEasing":0,"x":-3.71,"y":1.82},{"duration":3,"tweenEasing":0,"x":-5.35,"y":2.86},{"duration":20,"tweenEasing":0,"x":-5.24,"y":0.83},{"duration":0}],"rotateFrame":[{"duration":8,"tweenEasing":0,"rotate":-111.24},{"duration":2,"tweenEasing":0,"rotate":-17.47},{"duration":15,"rotate":-12.47}]},{"name":"heel_R","rotateFrame":[{"duration":8,"tweenEasing":0,"rotate":30.11},{"duration":2,"tweenEasing":0,"rotate":-43.47},{"duration":15,"tweenEasing":0,"rotate":-24.3},{"duration":0,"rotate":-6.64}]}]},{"duration":25,"playTimes":0,"name":"走路","bone":[{"name":"body","translateFrame":[{"duration":5,"tweenEasing":0,"y":26},{"duration":4,"tweenEasing":0,"y":51.48},{"duration":4,"tweenEasing":0,"y":22.48},{"duration":4,"tweenEasing":0,"y":26},{"duration":4,"tweenEasing":0,"y":51.48},{"duration":4,"tweenEasing":0,"y":22.48},{"duration":0,"y":26}]},{"name":"top","translateFrame":[{"duration":9,"tweenEasing":0,"x":-4},{"duration":16,"x":-3.5}],"rotateFrame":[{"duration":5,"tweenEasing":0},{"duration":4,"tweenEasing":0,"rotate":3.11},{"duration":4,"tweenEasing":0,"rotate":-14.91},{"duration":4,"tweenEasing":0,"rotate":-0.86},{"duration":4,"tweenEasing":0,"rotate":7.22},{"duration":4,"tweenEasing":0,"rotate":-12.56},{"duration":0}]},{"name":"thigh_R","translateFrame":[{"duration":25,"x":8.6,"y":1.74}],"rotateFrame":[{"duration":5,"tweenEasing":0,"rotate":34.88},{"duration":4,"tweenEasing":0,"rotate":67.93},{"duration":4,"tweenEasing":0,"rotate":13.58},{"duration":4,"tweenEasing":0,"rotate":1.63},{"duration":8,"tweenEasing":0,"rotate":8.85},{"duration":0,"rotate":34.88}]},{"name":"thigh_L","rotateFrame":[{"duration":5,"tweenEasing":0,"rotate":-17.63},{"duration":4,"tweenEasing":0,"rotate":-18.79},{"duration":4,"tweenEasing":0,"rotate":30.96},{"duration":4,"tweenEasing":0,"rotate":25.97},{"duration":4,"tweenEasing":0,"rotate":53.29},{"duration":4,"tweenEasing":0,"rotate":8.21},{"duration":0,"rotate":-17.63}]},{"name":"heel_L","translateFrame":[{"duration":5,"tweenEasing":0,"x":-4.51,"y":1.31},{"duration":4,"tweenEasing":0,"x":-2.45,"y":2.6},{"tweenEasing":0,"x":-0.97,"y":2.71},{"duration":3,"tweenEasing":0,"x":-3.47,"y":4.2},{"duration":4,"tweenEasing":0,"x":-2.83,"y":1.65},{"duration":4,"tweenEasing":0,"x":-3,"y":1.62},{"duration":4,"tweenEasing":0,"x":-3.15,"y":1.56},{"duration":0,"x":-4.28,"y":2.21}],"rotateFrame":[{"duration":5,"tweenEasing":0,"rotate":-47.68},{"duration":4,"tweenEasing":0,"rotate":-61.6},{"duration":4,"tweenEasing":0,"rotate":-111.24},{"duration":4,"tweenEasing":0,"rotate":-12.47},{"duration":4,"tweenEasing":0,"rotate":-43.75},{"duration":4,"tweenEasing":0,"rotate":-12.47},{"duration":0,"rotate":-47.68}]},{"name":"heel_R","rotateFrame":[{"duration":5,"tweenEasing":0,"rotate":30.11},{"duration":4,"tweenEasing":0,"rotate":-15.76},{"duration":4,"tweenEasing":0,"rotate":30.11},{"duration":4,"tweenEasing":0,"rotate":-1.72},{"duration":8,"tweenEasing":0,"rotate":-31.97},{"duration":0,"rotate":30.11}]}]}],"defaultActions":[{"gotoAndPlay":"走路"}]}]}