{"frameRate":24,"name":"tiny_boy","version":"5.5","compatibleVersion":"5.5","armature":[{"type":"Armature","frameRate":24,"name":"armatureName","aabb":{"x":-59.09,"y":-357.04,"width":131,"height":358.55},"bone":[{"name":"root"},{"length":46,"name":"body","parent":"root","transform":{"x":13.736,"y":-152.14315,"skX":-92.8362,"skY":-92.8362}},{"length":14,"name":"neck","parent":"body","transform":{"x":46.0226,"y":0.1775,"skX":0.1337,"skY":0.1337}},{"length":108.5,"name":"arm_r_small","parent":"body","transform":{"x":43.37325,"y":-16.57415,"skX":-167.2618,"skY":-167.2618}},{"length":19.5,"name":"cloth_l_small","parent":"body","transform":{"x":-3.84245,"y":3.2889,"skX":-176.5143,"skY":-176.5143}},{"length":20.5,"name":"cloth_r_small","parent":"body","transform":{"x":-2.42335,"y":-11.20865,"skX":-178.4046,"skY":-178.4046}},{"length":108.5,"name":"arm_l_small","parent":"body","transform":{"x":42.73515,"y":10.4524,"skX":173.7024,"skY":173.7024}},{"length":41,"name":"leg_r_small","parent":"cloth_r_small","transform":{"x":21.25475,"y":0.0103,"skX":0.2704,"skY":0.2704}},{"length":18,"name":"head_small","parent":"neck","transform":{"x":14.09115,"y":-0.0106,"skX":1.9962,"skY":1.9962}},{"length":33.5,"name":"leg_l_small","parent":"cloth_l_small","transform":{"x":21.24865,"y":-0.24085,"skX":-1.0294,"skY":-1.0294}},{"length":22,"name":"head_small1","parent":"head_small","transform":{"x":17.17015,"y":-0.9744,"skX":7.2243,"skY":7.2243}}],"slot":[{"displayIndex":4,"name":"arm_l_small","parent":"arm_l_small"},{"displayIndex":4,"name":"leg_l_small","parent":"leg_l_small"},{"name":"cloth_l_small","parent":"cloth_l_small"},{"name":"leg_r_small","parent":"leg_r_small"},{"name":"cloth_r_small","parent":"cloth_r_small"},{"displayIndex":1,"name":"body","parent":"body"},{"name":"cloth_small","parent":"body"},{"displayIndex":1,"name":"arm_r_small","parent":"arm_r_small"},{"displayIndex":3,"name":"neck_0","parent":"neck"},{"displayIndex":2,"name":"head_small","parent":"head_small"},{"displayIndex":2,"name":"mouth_3","parent":"head_small1"},{"displayIndex":2,"name":"eye_small","parent":"head_small1"},{"displayIndex":99,"name":"hair_bingle1r","parent":"head_small1"}],"skin":[{"slot":[{"name":"leg_l_small","display":[{"name":"leg_lw_small","transform":{"x":58.18,"y":6.96,"skX":-89.62,"skY":-89.62}},{"name":"leg_lb_small","transform":{"x":58.18,"y":6.96,"skX":-89.62,"skY":-89.62}},{"name":"leg_lr_small","transform":{"x":58.18,"y":6.96,"skX":-89.62,"skY":-89.62}},{"name":"leg_lb_small_0","transform":{"x":58.18,"y":6.96,"skX":-89.62,"skY":-89.62}},{"name":"leg_ly_small","transform":{"x":58.18,"y":6.96,"skX":-89.62,"skY":-89.62}}]},{"name":"mouth_3","display":[{"name":"mouth_3","transform":{"skX":83.48,"skY":83.48}},{"name":"mouth_bigsmile","transform":{"skX":83.48,"skY":83.48}},{"name":"mouth_V","transform":{"skX":83.48,"skY":83.48}},{"name":"mouth_W","transform":{"skX":83.48,"skY":83.48}},{"name":"mouth_smile","transform":{"skX":83.48,"skY":83.48}}]},{"name":"neck_0","display":[{"name":"neck_0","transform":{"x":6.91,"y":-0.67,"skX":92.7,"skY":92.7}},{"name":"neck_2","transform":{"x":6.17,"y":-0.71,"skX":92.7,"skY":92.7}},{"name":"neck","transform":{"x":6.91,"y":-0.67,"skX":92.7,"skY":92.7}},{"name":"neck_3","transform":{"x":6.91,"y":-0.67,"skX":92.7,"skY":92.7}},{"name":"neck_1","transform":{"x":6.91,"y":-0.67,"skX":92.7,"skY":92.7}}]},{"name":"cloth_l_small","display":[{"name":"cloth_l_small","transform":{"x":3.57,"y":8.29,"skX":-90.65,"skY":-90.65}}]},{"name":"cloth_r_small","display":[{"name":"cloth_r_small","transform":{"x":6.17,"y":0.16,"skX":-88.76,"skY":-88.76}}]},{"name":"arm_r_small","display":[{"name":"arm_rb_small","transform":{"x":55.94,"y":4.07,"skX":-99.9,"skY":-99.9}},{"name":"arm_ry_small","transform":{"x":55.69,"y":4.13,"skX":-99.9,"skY":-99.9}},{"name":"arm_rr_small","transform":{"x":55.69,"y":4.13,"skX":-99.9,"skY":-99.9}},{"name":"arm_rw_small","transform":{"x":55.69,"y":4.13,"skX":-99.9,"skY":-99.9}},{"name":"arm_rp_small","transform":{"x":55.69,"y":4.13,"skX":-99.9,"skY":-99.9}}]},{"name":"leg_r_small","display":[{"name":"leg_ry_small","transform":{"x":62.57,"y":6.79,"skX":-89.03,"skY":-89.03}},{"name":"leg_rb_small","transform":{"x":62.57,"y":6.79,"skX":-89.03,"skY":-89.03}},{"name":"leg_rw_small","transform":{"x":62.57,"y":6.79,"skX":-89.03,"skY":-89.03}},{"name":"leg_rb_small_1","transform":{"x":62.57,"y":6.79,"skX":-89.03,"skY":-89.03}},{"name":"leg_rr_small","transform":{"x":62.57,"y":6.79,"skX":-89.03,"skY":-89.03}}]},{"name":"cloth_small","display":[{"name":"cloth_small","transform":{"x":4.81,"y":-4.12,"skX":92.84,"skY":92.84}}]},{"name":"arm_l_small","display":[{"name":"arm_lr_small","transform":{"x":55.58,"y":-3.29,"skX":-80.87,"skY":-80.87}},{"name":"arm_lw_small","transform":{"x":55.58,"y":-3.29,"skX":-80.87,"skY":-80.87}},{"name":"arm_lb_small_0","transform":{"x":55.58,"y":-3.29,"skX":-80.87,"skY":-80.87}},{"name":"arm_lb_small","transform":{"x":55.58,"y":-3.29,"skX":-80.87,"skY":-80.87}},{"name":"arm_ly_small","transform":{"x":55.58,"y":-3.29,"skX":-80.87,"skY":-80.87}}]},{"name":"head_small","display":[{"name":"head_small","transform":{"x":59.82,"y":-1.09,"skX":90.71,"skY":90.71}},{"name":"head_small_3","transform":{"x":59.82,"y":-1.09,"skX":90.71,"skY":90.71}},{"name":"head_small_0","transform":{"x":59.82,"y":-1.09,"skX":90.71,"skY":90.71}},{"name":"head_small_2","transform":{"x":59.82,"y":-1.09,"skX":90.71,"skY":90.71}},{"name":"head_small_1","transform":{"x":59.82,"y":-1.09,"skX":90.71,"skY":90.71}}]},{"name":"hair_bingle1r","display":[{"name":"hair_bingle1r","transform":{"x":69.35,"y":-11.31,"skX":83.48,"skY":83.48}},{"name":"hair_bingle3b","transform":{"x":69.35,"y":-11.31,"skX":83.48,"skY":83.48}},{"name":"hair_bingle3y","transform":{"x":69.35,"y":-11.31,"skX":83.48,"skY":83.48}},{"name":"hair_bingle4w","transform":{"x":69.35,"y":-11.31,"skX":83.48,"skY":83.48}},{"name":"hair_bingle5r","transform":{"x":69.35,"y":-11.31,"skX":83.48,"skY":83.48}},{"name":"hair_curly1p","transform":{"x":69.35,"y":-11.31,"skX":83.48,"skY":83.48}},{"name":"hair_curly2b","transform":{"x":69.35,"y":-11.31,"skX":83.48,"skY":83.48}},{"name":"hair_curly2y","transform":{"x":69.35,"y":-11.31,"skX":83.48,"skY":83.48}},{"name":"hair_curly3w","transform":{"x":69.35,"y":-11.31,"skX":83.48,"skY":83.48}},{"name":"hair_curly4r","transform":{"x":69.35,"y":-11.31,"skX":83.48,"skY":83.48}},{"name":"hair_curly5p","transform":{"x":69.35,"y":-11.31,"skX":83.48,"skY":83.48}},{"name":"hair_no1b","transform":{"x":69.35,"y":-11.31,"skX":83.48,"skY":83.48}},{"name":"hair_no1y","transform":{"x":69.35,"y":-11.31,"skX":83.48,"skY":83.48}},{"name":"hair_no2w","transform":{"x":69.35,"y":-11.31,"skX":83.48,"skY":83.48}},{"name":"hair_no3r","transform":{"x":69.35,"y":-11.31,"skX":83.48,"skY":83.48}},{"name":"hair_no4p","transform":{"x":69.35,"y":-11.31,"skX":83.48,"skY":83.48}},{"name":"hair_no5b","transform":{"x":69.35,"y":-11.31,"skX":83.48,"skY":83.48}},{"name":"hair_no5y","transform":{"x":69.35,"y":-11.31,"skX":83.48,"skY":83.48}},{"name":"hair_pot1w","transform":{"x":69.35,"y":-11.31,"skX":83.48,"skY":83.48}},{"name":"hair_pot2w","transform":{"x":69.35,"y":-11.31,"skX":83.48,"skY":83.48}},{"name":"hair_pot3w","transform":{"x":69.35,"y":-11.31,"skX":83.48,"skY":83.48}},{"name":"hair_pot4w","transform":{"x":69.35,"y":-11.31,"skX":83.48,"skY":83.48}},{"name":"hair_pot5w","transform":{"x":69.35,"y":-11.31,"skX":83.48,"skY":83.48}},{"name":"hair_pot6w","transform":{"x":69.35,"y":-11.31,"skX":83.48,"skY":83.48}},{"name":"hair_pot6r","transform":{"x":69.35,"y":-11.31,"skX":83.48,"skY":83.48}},{"name":"hair_pot5r","transform":{"x":69.35,"y":-11.31,"skX":83.48,"skY":83.48}},{"name":"hair_pot4r","transform":{"x":69.35,"y":-11.31,"skX":83.48,"skY":83.48}},{"name":"hair_pot3r","transform":{"x":69.35,"y":-11.31,"skX":83.48,"skY":83.48}},{"name":"hair_pot2r","transform":{"x":69.35,"y":-11.31,"skX":83.48,"skY":83.48}},{"name":"hair_pot1r","transform":{"x":69.35,"y":-11.31,"skX":83.48,"skY":83.48}},{"name":"hair_no5w","transform":{"x":69.35,"y":-11.31,"skX":83.48,"skY":83.48}},{"name":"hair_no4y","transform":{"x":69.35,"y":-11.31,"skX":83.48,"skY":83.48}},{"name":"hair_no4b","transform":{"x":69.35,"y":-11.31,"skX":83.48,"skY":83.48}},{"name":"hair_no3p","transform":{"x":69.35,"y":-11.31,"skX":83.48,"skY":83.48}},{"name":"hair_no2r","transform":{"x":69.35,"y":-11.31,"skX":83.48,"skY":83.48}},{"name":"hair_no1w","transform":{"x":69.35,"y":-11.31,"skX":83.48,"skY":83.48}},{"name":"hair_curly5y","transform":{"x":69.35,"y":-11.31,"skX":83.48,"skY":83.48}},{"name":"hair_curly5b","transform":{"x":69.35,"y":-11.31,"skX":83.48,"skY":83.48}},{"name":"hair_curly4p","transform":{"x":69.35,"y":-11.31,"skX":83.48,"skY":83.48}},{"name":"hair_curly3r","transform":{"x":69.35,"y":-11.31,"skX":83.48,"skY":83.48}},{"name":"hair_curly2w","transform":{"x":69.35,"y":-11.31,"skX":83.48,"skY":83.48}},{"name":"hair_curly1y","transform":{"x":69.35,"y":-11.31,"skX":83.48,"skY":83.48}},{"name":"hair_curly1b","transform":{"x":69.35,"y":-11.31,"skX":83.48,"skY":83.48}},{"name":"hair_bingle5p","transform":{"x":69.35,"y":-11.31,"skX":83.48,"skY":83.48}},{"name":"hair_bingle4r","transform":{"x":69.35,"y":-11.31,"skX":83.48,"skY":83.48}},{"name":"hair_bingle3w","transform":{"x":69.35,"y":-11.31,"skX":83.48,"skY":83.48}},{"name":"hair_bingle2y","transform":{"x":69.35,"y":-11.31,"skX":83.48,"skY":83.48}},{"name":"hair_bingle2b","transform":{"x":69.35,"y":-11.31,"skX":83.48,"skY":83.48}},{"name":"hair_bingle1p","transform":{"x":69.35,"y":-21.98,"skX":83.48,"skY":83.48}},{"name":"hair_bingle1b","transform":{"x":69.35,"y":-11.31,"skX":83.48,"skY":83.48}},{"name":"hair_bingle1w","transform":{"x":69.35,"y":-11.31,"skX":83.48,"skY":83.48}},{"name":"hair_bingle2r","transform":{"x":69.35,"y":-11.31,"skX":83.48,"skY":83.48}},{"name":"hair_bingle3p","transform":{"x":69.35,"y":-11.31,"skX":83.48,"skY":83.48}},{"name":"hair_bingle4b","transform":{"x":69.35,"y":-11.31,"skX":83.48,"skY":83.48}},{"name":"hair_bingle4y","transform":{"x":69.35,"y":-11.31,"skX":83.48,"skY":83.48}},{"name":"hair_bingle5w","transform":{"x":69.35,"y":-11.31,"skX":83.48,"skY":83.48}},{"name":"hair_curly1r","transform":{"x":69.35,"y":-11.31,"skX":83.48,"skY":83.48}},{"name":"hair_curly2p","transform":{"x":69.35,"y":-11.31,"skX":83.48,"skY":83.48}},{"name":"hair_curly3b","transform":{"x":69.35,"y":-11.31,"skX":83.48,"skY":83.48}},{"name":"hair_curly3y","transform":{"x":69.35,"y":-11.31,"skX":83.48,"skY":83.48}},{"name":"hair_curly4w","transform":{"x":69.35,"y":-11.31,"skX":83.48,"skY":83.48}},{"name":"hair_curly5r","transform":{"x":69.35,"y":-11.31,"skX":83.48,"skY":83.48}},{"name":"hair_no1p","transform":{"x":69.35,"y":-11.31,"skX":83.48,"skY":83.48}},{"name":"hair_no2b","transform":{"x":69.35,"y":-11.31,"skX":83.48,"skY":83.48}},{"name":"hair_no2y","transform":{"x":69.35,"y":-11.31,"skX":83.48,"skY":83.48}},{"name":"hair_no3w","transform":{"x":69.35,"y":-11.31,"skX":83.48,"skY":83.48}},{"name":"hair_no4r","transform":{"x":69.35,"y":-11.31,"skX":83.48,"skY":83.48}},{"name":"hair_no5p","transform":{"x":69.35,"y":-11.31,"skX":83.48,"skY":83.48}},{"name":"hair_pot1b","transform":{"x":69.35,"y":-11.31,"skX":83.48,"skY":83.48}},{"name":"hair_pot2b","transform":{"x":69.35,"y":-11.31,"skX":83.48,"skY":83.48}},{"name":"hair_pot3b","transform":{"x":69.35,"y":-11.31,"skX":83.48,"skY":83.48}},{"name":"hair_pot4b","transform":{"x":69.35,"y":-11.31,"skX":83.48,"skY":83.48}},{"name":"hair_pot5b","transform":{"x":69.35,"y":-11.31,"skX":83.48,"skY":83.48}},{"name":"hair_pot6b","transform":{"x":69.35,"y":-11.31,"skX":83.48,"skY":83.48}},{"name":"hair_pot6y","transform":{"x":69.35,"y":-11.31,"skX":83.48,"skY":83.48}},{"name":"hair_pot6p","transform":{"x":69.35,"y":-11.31,"skX":83.48,"skY":83.48}},{"name":"hair_pot5p","transform":{"x":69.35,"y":-11.31,"skX":83.48,"skY":83.48}},{"name":"hair_pot4p","transform":{"x":69.35,"y":-11.31,"skX":83.48,"skY":83.48}},{"name":"hair_pot3p","transform":{"x":69.35,"y":-11.31,"skX":83.48,"skY":83.48}},{"name":"hair_pot2p","transform":{"x":69.35,"y":-11.31,"skX":83.48,"skY":83.48}},{"name":"hair_pot1p","transform":{"x":69.35,"y":-11.31,"skX":83.48,"skY":83.48}},{"name":"hair_no5r","transform":{"x":69.35,"y":-11.31,"skX":83.48,"skY":83.48}},{"name":"hair_no4w","transform":{"x":69.35,"y":-11.31,"skX":83.48,"skY":83.48}},{"name":"hair_no3y","transform":{"x":69.35,"y":-11.31,"skX":83.48,"skY":83.48}},{"name":"hair_no3b","transform":{"x":69.35,"y":-11.31,"skX":83.48,"skY":83.48}},{"name":"hair_no2p","transform":{"x":69.35,"y":-11.31,"skX":83.48,"skY":83.48}},{"name":"hair_no1r","transform":{"x":69.35,"y":-11.31,"skX":83.48,"skY":83.48}},{"name":"hair_curly5w","transform":{"x":69.35,"y":-11.31,"skX":83.48,"skY":83.48}},{"name":"hair_curly4y","transform":{"x":69.35,"y":-11.31,"skX":83.48,"skY":83.48}},{"name":"hair_curly4b","transform":{"x":69.35,"y":-11.31,"skX":83.48,"skY":83.48}},{"name":"hair_curly3p","transform":{"x":69.35,"y":-11.31,"skX":83.48,"skY":83.48}},{"name":"hair_curly2r","transform":{"x":69.35,"y":-11.31,"skX":83.48,"skY":83.48}},{"name":"hair_curly1w","transform":{"x":69.35,"y":-11.31,"skX":83.48,"skY":83.48}},{"name":"hair_bingle5y","transform":{"x":69.35,"y":-11.31,"skX":83.48,"skY":83.48}},{"name":"hair_bingle5b","transform":{"x":69.35,"y":-11.31,"skX":83.48,"skY":83.48}},{"name":"hair_bingle4p","transform":{"x":69.35,"y":-11.31,"skX":83.48,"skY":83.48}},{"name":"hair_bingle3r","transform":{"x":69.35,"y":-11.31,"skX":83.48,"skY":83.48}},{"name":"hair_bingle2w","transform":{"x":69.35,"y":-11.31,"skX":83.48,"skY":83.48}},{"name":"hair_bingle1y","transform":{"x":69.35,"y":-11.31,"skX":83.48,"skY":83.48}},{"name":"hair_bingle2p","transform":{"x":69.35,"y":-11.31,"skX":83.48,"skY":83.48}}]},{"name":"eye_small","display":[{"name":"eye_small","transform":{"x":48.27,"y":1.26,"skX":83.48,"skY":83.48}},{"name":"eye_big","transform":{"x":41.84,"y":0.8,"skX":83.48,"skY":83.48}},{"name":"eye_middle","transform":{"x":46.65,"y":1.05,"skX":83.48,"skY":83.48}}]},{"name":"body","display":[{"name":"body","transform":{"x":-45.78,"y":-3.62,"skX":92.84,"skY":92.84}},{"name":"body_0","transform":{"x":-45.78,"y":-3.62,"skX":92.84,"skY":92.84}},{"name":"body_1","transform":{"x":-45.78,"y":-3.62,"skX":92.84,"skY":92.84}},{"name":"body_3","transform":{"x":-45.78,"y":-3.62,"skX":92.84,"skY":92.84}},{"name":"body_2","transform":{"x":-42.53,"y":-3.46,"skX":92.84,"skY":92.84}}]}]}],"animation":[{"duration":25,"playTimes":0,"name":"newAnimation","bone":[{"name":"body","translateFrame":[{"duration":5,"tweenEasing":0,"y":2},{"duration":4,"tweenEasing":0,"y":7},{"duration":4,"tweenEasing":0,"y":-2},{"duration":5,"tweenEasing":0,"y":2},{"duration":4,"tweenEasing":0,"y":7},{"duration":3,"tweenEasing":0,"y":-2},{"duration":0,"y":2}]},{"name":"neck","translateFrame":[{"duration":5,"tweenEasing":0},{"duration":4,"tweenEasing":0,"x":-1},{"duration":4,"tweenEasing":0,"x":0.5},{"duration":5,"tweenEasing":0},{"duration":4,"tweenEasing":0,"x":-1},{"duration":3,"tweenEasing":0,"x":0.5},{"duration":0}]},{"name":"head_small","translateFrame":[{"duration":5,"tweenEasing":0},{"duration":4,"tweenEasing":0,"x":-2.5},{"duration":4,"tweenEasing":0,"x":-0.5},{"duration":5,"tweenEasing":0},{"duration":4,"tweenEasing":0,"x":-2.5},{"duration":3,"tweenEasing":0,"x":-0.5},{"duration":0}],"rotateFrame":[{"duration":8,"tweenEasing":0,"rotate":-4},{"duration":6,"tweenEasing":0,"rotate":6},{"duration":7,"tweenEasing":0,"rotate":-4},{"duration":4,"tweenEasing":0,"rotate":6},{"duration":0,"rotate":-4}]},{"name":"arm_l_small","translateFrame":[{"duration":5,"tweenEasing":0,"x":0.31,"y":-1.51},{"duration":8,"tweenEasing":0,"x":-0.5,"y":-0.68},{"duration":12,"tweenEasing":0,"x":0.18,"y":0.43},{"duration":0,"x":0.31,"y":-1.51}],"rotateFrame":[{"duration":5,"tweenEasing":0,"rotate":19.2},{"duration":4,"tweenEasing":0,"rotate":5.12},{"duration":4,"tweenEasing":0,"rotate":0.73},{"duration":4,"tweenEasing":0,"rotate":-20.55},{"duration":4,"tweenEasing":0,"rotate":-10.84},{"duration":4,"tweenEasing":0,"rotate":6.98},{"duration":0,"rotate":19.2}]},{"name":"cloth_r_small","rotateFrame":[{"duration":5,"tweenEasing":0,"rotate":13.4},{"duration":4,"tweenEasing":0,"rotate":15.41},{"duration":4,"tweenEasing":0,"rotate":-2.06},{"duration":4,"tweenEasing":0,"rotate":-13.01},{"duration":4,"tweenEasing":0,"rotate":-21.81},{"duration":4,"tweenEasing":0,"rotate":-2.72},{"duration":0,"rotate":13.4}]},{"name":"leg_r_small","translateFrame":[{"duration":5,"tweenEasing":0,"x":-1.25,"y":-0.92},{"duration":4,"tweenEasing":0,"x":-7,"y":1.83},{"duration":4,"tweenEasing":0,"x":-12.17,"y":1.53},{"duration":4,"tweenEasing":0,"x":-9.62,"y":-0.16},{"duration":4,"tweenEasing":0,"x":-6.72,"y":-0.5},{"duration":4,"tweenEasing":0,"x":1.52,"y":-4.49},{"duration":0,"x":-1.25,"y":-0.92}],"rotateFrame":[{"duration":5,"tweenEasing":0},{"duration":12,"tweenEasing":0,"rotate":-7},{"duration":4,"tweenEasing":0,"rotate":7},{"duration":4,"tweenEasing":0,"rotate":4},{"duration":0}]},{"name":"cloth_l_small","rotateFrame":[{"duration":5,"tweenEasing":0,"rotate":-10.72},{"duration":4,"tweenEasing":0,"rotate":-18.99},{"duration":4,"tweenEasing":0,"rotate":9.02},{"duration":4,"tweenEasing":0,"rotate":17.24},{"duration":4,"tweenEasing":0,"rotate":23.84},{"duration":4,"tweenEasing":0,"rotate":8.67},{"duration":0,"rotate":-10.72}]},{"name":"leg_l_small","translateFrame":[{"duration":13,"tweenEasing":0,"x":-0.46,"y":2.62},{"duration":4,"tweenEasing":0,"x":1.85,"y":2.15},{"duration":4,"tweenEasing":0,"x":-1.51,"y":3.24},{"duration":4,"tweenEasing":0,"x":-7.06,"y":-4.07},{"duration":0,"x":-0.46,"y":2.62}],"rotateFrame":[{"duration":5,"tweenEasing":0},{"duration":4,"tweenEasing":0,"rotate":8},{"duration":8,"tweenEasing":0,"rotate":-7},{"duration":4,"tweenEasing":0,"rotate":-12},{"duration":4,"tweenEasing":0,"rotate":6},{"duration":0}]},{"name":"arm_r_small","translateFrame":[{"duration":13,"tweenEasing":0,"x":-2.64,"y":-0.95},{"duration":12,"tweenEasing":0,"x":-1.36,"y":-2.75},{"duration":0,"x":-2.64,"y":-0.95}],"rotateFrame":[{"duration":5,"tweenEasing":0,"rotate":-24.33},{"duration":4,"tweenEasing":0,"rotate":-9.26},{"duration":4,"tweenEasing":0,"rotate":6.28},{"duration":4,"tweenEasing":0,"rotate":22.43},{"duration":4,"tweenEasing":0,"rotate":7.16},{"duration":4,"tweenEasing":0,"rotate":-14.76},{"duration":0,"rotate":-24.33}]}]}],"defaultActions":[{"gotoAndPlay":"newAnimation"}]}]}