{"SubTexture":[{"x":2010,"y":652,"width":36,"name":"arm_lb_small_0","height":120},{"frameY":-1,"y":530,"frameX":0,"frameHeight":120,"height":120,"frameWidth":36,"width":36,"name":"arm_lr_small","x":2010},{"frameY":-1,"y":541,"frameX":0,"frameHeight":120,"height":120,"frameWidth":36,"width":36,"name":"arm_ly_small","x":1128},{"frameY":-1,"y":408,"frameX":0,"frameHeight":120,"height":120,"frameWidth":36,"width":36,"name":"arm_lw_small","x":2010},{"x":1130,"y":663,"width":36,"name":"arm_lb_small","height":120},{"x":720,"y":920,"width":42,"name":"leg_lb_small","height":128},{"x":562,"y":996,"width":42,"name":"leg_lr_small","height":128},{"x":1045,"y":753,"width":42,"name":"leg_lw_small","height":128},{"x":764,"y":920,"width":42,"name":"leg_ly_small","height":128},{"x":676,"y":920,"width":42,"name":"leg_lb_small_0","height":128},{"x":522,"y":565,"width":37,"name":"cloth_l_small","height":34},{"x":724,"y":784,"width":46,"name":"leg_rr_small","height":134},{"x":772,"y":784,"width":46,"name":"leg_ry_small","height":134},{"x":628,"y":784,"width":46,"name":"leg_rb_small_1","height":134},{"x":628,"y":920,"width":46,"name":"leg_rb_small","height":134},{"frameY":0,"y":784,"frameX":0,"frameHeight":134,"height":134,"frameWidth":46,"width":46,"name":"leg_rw_small","x":676},{"x":910,"y":433,"width":25,"name":"cloth_r_small","height":32},{"frameY":-7,"y":541,"frameX":0,"frameHeight":216,"height":210,"frameWidth":99,"width":65,"name":"body_2","x":979},{"frameY":0,"y":775,"frameX":0,"frameHeight":210,"height":210,"frameWidth":99,"width":64,"name":"body_1","x":894},{"frameY":0,"y":775,"frameX":0,"frameHeight":210,"height":210,"frameWidth":99,"width":64,"name":"body_3","x":828},{"frameY":0,"y":784,"frameX":0,"frameHeight":210,"height":210,"frameWidth":99,"width":64,"name":"body_0","x":562},{"frameY":0,"y":753,"frameX":0,"frameHeight":210,"height":210,"frameWidth":99,"width":64,"name":"body","x":979},{"x":846,"y":511,"width":38,"name":"cloth_small","height":12},{"x":1089,"y":663,"width":39,"name":"arm_rb_small","height":120},{"x":1046,"y":541,"width":39,"name":"arm_rw_small","height":120},{"x":709,"y":307,"width":39,"name":"arm_ry_small","height":120},{"x":1087,"y":541,"width":39,"name":"arm_rp_small","height":120},{"x":750,"y":307,"width":39,"name":"arm_rr_small","height":120},{"x":914,"y":467,"width":25,"name":"neck_1","height":13},{"x":886,"y":511,"width":25,"name":"neck_2","height":15},{"x":846,"y":525,"width":25,"name":"neck_3","height":13},{"x":913,"y":511,"width":25,"name":"neck","height":13},{"x":913,"y":526,"width":25,"name":"neck_0","height":13},{"x":1921,"y":154,"width":126,"name":"head_small","height":125},{"x":1921,"y":281,"width":126,"name":"head_small_2","height":125},{"x":561,"y":1903,"width":126,"name":"head_small_3","height":125},{"x":433,"y":1903,"width":126,"name":"head_small_1","height":125},{"x":689,"y":1903,"width":126,"name":"head_small_0","height":125},{"x":914,"y":497,"width":23,"name":"mouth_smile","height":10},{"x":914,"y":482,"width":23,"name":"mouth_W","height":13},{"x":561,"y":587,"width":13,"name":"mouth_V","height":12},{"x":561,"y":565,"width":11,"name":"mouth_3","height":20},{"x":846,"y":433,"width":62,"name":"mouth_bigsmile","height":39},{"x":451,"y":565,"width":69,"name":"eye_big","height":46},{"x":1,"y":1990,"width":66,"name":"eye_small","height":32},{"x":846,"y":474,"width":66,"name":"eye_middle","height":35},{"x":1,"y":1225,"width":154,"name":"hair_no3w","height":151},{"x":937,"y":1,"width":154,"name":"hair_no3r","height":151},{"x":157,"y":1072,"width":145,"name":"hair_curly3w","height":151},{"x":157,"y":154,"width":145,"name":"hair_curly5w","height":151},{"x":157,"y":766,"width":145,"name":"hair_curly4r","height":151},{"x":157,"y":1225,"width":145,"name":"hair_curly4p","height":151},{"x":1561,"y":1,"width":154,"name":"hair_no1r","height":151},{"x":1039,"y":154,"width":145,"name":"hair_curly2y","height":151},{"x":157,"y":1,"width":154,"name":"hair_no2b","height":151},{"x":157,"y":919,"width":145,"name":"hair_curly5r","height":151},{"x":157,"y":1531,"width":145,"name":"hair_curly3r","height":151},{"x":313,"y":1,"width":154,"name":"hair_no1p","height":151},{"x":157,"y":1684,"width":145,"name":"hair_curly5b","height":151},{"x":1093,"y":1,"width":154,"name":"hair_no2w","height":151},{"x":304,"y":154,"width":145,"name":"hair_curly5y","height":151},{"x":304,"y":1129,"width":127,"name":"hair_pot3w","height":127},{"x":1249,"y":1,"width":154,"name":"hair_no1y","height":151},{"x":157,"y":307,"width":145,"name":"hair_curly1p","height":151},{"x":1873,"y":1,"width":154,"name":"hair_no3b","height":151},{"x":304,"y":460,"width":145,"name":"hair_curly2b","height":151},{"x":1744,"y":424,"width":131,"name":"hair_bingle5r","height":115},{"x":451,"y":154,"width":145,"name":"hair_curly4w","height":151},{"x":433,"y":1774,"width":127,"name":"hair_pot1r","height":127},{"x":433,"y":1258,"width":127,"name":"hair_pot4r","height":127},{"x":1186,"y":154,"width":145,"name":"hair_curly4y","height":151},{"x":304,"y":1645,"width":127,"name":"hair_pot3r","height":127},{"x":1,"y":1072,"width":154,"name":"hair_no2r","height":151},{"x":745,"y":154,"width":145,"name":"hair_curly3y","height":151},{"x":433,"y":1645,"width":127,"name":"hair_pot5r","height":127},{"x":1,"y":154,"width":154,"name":"hair_no3y","height":151},{"x":892,"y":154,"width":145,"name":"hair_curly3b","height":151},{"x":1212,"y":307,"width":131,"name":"hair_bingle4w","height":115},{"x":1,"y":766,"width":154,"name":"hair_no5r","height":151},{"x":304,"y":1516,"width":127,"name":"hair_pot6r","height":127},{"x":1877,"y":642,"width":131,"name":"hair_bingle3y","height":115},{"x":1333,"y":154,"width":145,"name":"hair_curly2p","height":151},{"x":157,"y":613,"width":145,"name":"hair_curly5p","height":151},{"x":817,"y":307,"width":127,"name":"hair_pot5w","height":124},{"x":433,"y":1387,"width":127,"name":"hair_pot1p","height":127},{"x":451,"y":436,"width":127,"name":"hair_pot6w","height":127},{"x":580,"y":307,"width":127,"name":"hair_pot4w","height":124},{"x":1405,"y":1,"width":154,"name":"hair_no1b","height":151},{"x":1478,"y":307,"width":131,"name":"hair_bingle4b","height":115},{"x":1,"y":613,"width":154,"name":"hair_no4w","height":151},{"x":946,"y":307,"width":131,"name":"hair_bingle5w","height":115},{"x":1611,"y":424,"width":131,"name":"hair_bingle3b","height":115},{"x":1478,"y":424,"width":131,"name":"hair_bingle1r","height":115},{"x":1079,"y":424,"width":131,"name":"hair_bingle4y","height":115},{"x":304,"y":1000,"width":127,"name":"hair_pot2r","height":127},{"x":433,"y":1000,"width":127,"name":"hair_pot2p","height":127},{"x":304,"y":307,"width":145,"name":"hair_curly1r","height":151},{"x":1717,"y":1,"width":154,"name":"hair_no2p","height":151},{"x":1744,"y":307,"width":131,"name":"hair_bingle3p","height":115},{"x":433,"y":871,"width":127,"name":"hair_pot3p","height":127},{"x":1079,"y":307,"width":131,"name":"hair_bingle2r","height":115},{"x":1,"y":460,"width":154,"name":"hair_no1w","height":151},{"x":451,"y":307,"width":127,"name":"hair_pot4p","height":127},{"x":433,"y":742,"width":127,"name":"hair_pot6y","height":127},{"x":304,"y":1903,"width":127,"name":"hair_pot5p","height":127},{"x":1212,"y":424,"width":131,"name":"hair_bingle1w","height":115},{"x":304,"y":871,"width":127,"name":"hair_pot6p","height":127},{"x":1627,"y":154,"width":145,"name":"hair_curly1w","height":151},{"x":304,"y":1387,"width":127,"name":"hair_pot2w","height":127},{"x":580,"y":433,"width":131,"name":"hair_bingle1b","height":115},{"x":1345,"y":424,"width":131,"name":"hair_bingle1y","height":115},{"x":433,"y":613,"width":127,"name":"hair_pot1w","height":127},{"x":580,"y":550,"width":131,"name":"hair_bingle1p","height":115},{"x":946,"y":424,"width":131,"name":"hair_bingle2w","height":115},{"x":304,"y":1774,"width":127,"name":"hair_pot5b","height":127},{"x":846,"y":658,"width":131,"name":"hair_bingle2p","height":115},{"x":433,"y":1129,"width":127,"name":"hair_pot4b","height":127},{"x":433,"y":1516,"width":127,"name":"hair_pot6b","height":127},{"x":304,"y":742,"width":127,"name":"hair_pot3b","height":127},{"x":562,"y":667,"width":131,"name":"hair_bingle2b","height":115},{"x":1611,"y":307,"width":131,"name":"hair_bingle4p","height":115},{"x":695,"y":667,"width":131,"name":"hair_bingle3r","height":115},{"x":1,"y":1531,"width":154,"name":"hair_no3p","height":151},{"x":1,"y":1378,"width":154,"name":"hair_no5y","height":151},{"x":846,"y":541,"width":131,"name":"hair_bingle5y","height":115},{"x":1877,"y":408,"width":131,"name":"hair_bingle2y","height":115},{"x":469,"y":1,"width":154,"name":"hair_no4b","height":151},{"x":1,"y":1837,"width":154,"name":"hair_no5b","height":151},{"x":1877,"y":525,"width":131,"name":"hair_bingle3w","height":115},{"x":304,"y":613,"width":127,"name":"hair_pot2b","height":127},{"x":713,"y":550,"width":131,"name":"hair_bingle4r","height":115},{"x":1,"y":1,"width":154,"name":"hair_no4y","height":151},{"x":304,"y":1258,"width":127,"name":"hair_pot1b","height":127},{"x":713,"y":433,"width":131,"name":"hair_bingle5b","height":115},{"x":1,"y":307,"width":154,"name":"hair_no5p","height":151},{"x":1345,"y":307,"width":131,"name":"hair_bingle5p","height":115},{"x":157,"y":1837,"width":145,"name":"hair_curly2r","height":151},{"x":1,"y":919,"width":154,"name":"hair_no4r","height":151},{"x":1480,"y":154,"width":145,"name":"hair_curly1b","height":151},{"x":781,"y":1,"width":154,"name":"hair_no5w","height":151},{"x":625,"y":1,"width":154,"name":"hair_no4p","height":151},{"x":1774,"y":154,"width":145,"name":"hair_curly1y","height":151},{"x":598,"y":154,"width":145,"name":"hair_curly4b","height":151},{"x":157,"y":460,"width":145,"name":"hair_curly2w","height":151},{"x":1,"y":1684,"width":154,"name":"hair_no2y","height":151},{"x":157,"y":1378,"width":145,"name":"hair_curly3p","height":151}],"imagePath":"ting_boy_tex.png","width":2048,"name":"tiny_boy","height":2048}