{"SubTexture":[{"height":64,"y":269,"frameWidth":36,"frameX":-1,"frameHeight":64,"frameY":0,"width":36,"name":"leg_r_sgirl__1","x":1077},{"height":71,"y":860,"frameWidth":223,"frameX":-77,"frameHeight":303,"frameY":-233,"width":55,"name":"leg_r_sgirl_","x":382},{"height":64,"y":269,"frameWidth":36,"frameX":-1,"frameHeight":64,"frameY":0,"width":35,"name":"leg_r_sgirl__3","x":1115},{"height":64,"y":195,"frameWidth":36,"frameX":-1,"frameHeight":64,"frameY":0,"width":35,"name":"leg_r_sgirl__2","x":1123},{"height":303,"y":583,"frameWidth":223,"frameX":-77,"frameHeight":303,"frameY":0,"width":69,"name":"leg_r_sgirl__0","x":1077},{"height":72,"y":939,"frameWidth":46,"frameX":-2,"frameHeight":72,"frameY":0,"width":44,"name":"leg_l_sgirl__1","x":1123},{"height":73,"y":389,"frameWidth":46,"frameX":-1,"frameHeight":73,"frameY":0,"width":45,"name":"leg_l_sgirl__3","x":897},{"height":72,"y":939,"frameWidth":46,"frameX":-2,"frameHeight":72,"frameY":0,"width":44,"name":"leg_l_sgirl__0","x":1077},{"x":382,"y":933,"width":46,"name":"leg_l_sgirl__2","height":73},{"height":72,"y":195,"frameWidth":46,"frameX":-2,"frameHeight":72,"frameY":0,"width":44,"name":"leg_l_sgirl_","x":1077},{"x":447,"y":758,"width":223,"name":"body_sgirl__3","height":238},{"x":672,"y":241,"width":223,"name":"body_sgirl__1","height":238},{"x":447,"y":278,"width":223,"name":"body_sgirl_","height":238},{"x":447,"y":518,"width":223,"name":"body_sgirl__2","height":238},{"x":449,"y":1,"width":223,"name":"body_sgirl__0","height":238},{"x":1,"y":1,"width":223,"name":"head_sgirl__2","height":303},{"x":128,"y":860,"width":125,"name":"head_sgirl__0","height":116},{"x":1,"y":860,"width":125,"name":"head_sgirl__1","height":117},{"x":944,"y":583,"width":126,"name":"head_sgirl__3","height":117},{"x":255,"y":860,"width":125,"name":"head_sgirl_","height":116},{"x":674,"y":1,"width":178,"name":"pao/pao_yellow","height":192},{"x":1,"y":306,"width":221,"name":"big_wave/big_wave_white","height":275},{"x":809,"y":481,"width":133,"name":"black_long/long_purple","height":257},{"x":897,"y":195,"width":178,"name":"pao/pao_white","height":192},{"x":807,"y":740,"width":133,"name":"black_long/long_black","height":257},{"x":224,"y":306,"width":221,"name":"big_wave/big_wave_purple","height":275},{"x":672,"y":740,"width":133,"name":"black_long/long_yellow","height":257},{"x":226,"y":1,"width":221,"name":"big_wave/big_wave_black","height":275},{"x":942,"y":740,"width":133,"name":"black_long/long_white","height":257},{"x":1,"y":583,"width":221,"name":"big_wave/big_wave_yellow","height":275},{"x":224,"y":583,"width":221,"name":"big_wave/big_wave_red","height":275},{"x":944,"y":389,"width":178,"name":"pao/pao_black","height":192},{"x":674,"y":481,"width":133,"name":"black_long/long_red","height":257},{"x":1034,"y":1,"width":178,"name":"pao/pao_purple","height":192},{"x":854,"y":1,"width":178,"name":"pao/pao_red","height":192},{"x":674,"y":195,"width":60,"name":"other/eye _1","height":37},{"x":944,"y":702,"width":65,"name":"other/eye_3","height":32},{"x":787,"y":195,"width":46,"name":"other/eye","height":27},{"x":1077,"y":888,"width":71,"name":"other/eye_4","height":49},{"x":1011,"y":702,"width":57,"name":"other/eye_2","height":30},{"x":897,"y":464,"width":12,"name":"other/mouth_sm","height":14},{"x":430,"y":933,"width":9,"name":"other/mouth_s","height":11},{"x":911,"y":464,"width":16,"name":"other/mouth_smi","height":10},{"x":736,"y":195,"width":49,"name":"other/mouth_smil","height":31},{"x":929,"y":464,"width":12,"name":"other/mouth_smile","height":9}],"width":2048,"name":"tiny_girl","imagePath":"tiny_girl_tex.png","height":1024}