{"frameRate":24,"name":"tiny_girl","version":"5.5","compatibleVersion":"5.5","armature":[{"type":"Armature","frameRate":24,"name":"tiny_girl","aabb":{"x":-101.09,"y":-369.47,"width":222.5,"height":375.2},"bone":[{"name":"root"},{"length":72,"name":"body_sgirl","parent":"root","transform":{"x":-17.83685,"y":-110.63825,"skX":-74.0437,"skY":-74.0437}},{"length":34.5,"name":"head_sgirl","parent":"body_sgirl","transform":{"x":72.025,"skX":-1.579,"skY":-1.579}},{"length":36,"name":"leg_r_sgirl","parent":"body_sgirl","transform":{"x":-46.0271,"y":12.71805,"skX":140.2218,"skY":140.2218}},{"length":54,"name":"leg_l_sgirl","parent":"body_sgirl","transform":{"x":-38.7596,"y":36.58995,"skX":136.6639,"skY":136.6639}}],"slot":[{"displayIndex":4,"name":"leg_r_sgirl","parent":"leg_r_sgirl"},{"displayIndex":4,"name":"leg_l_sgirl","parent":"leg_l_sgirl"},{"displayIndex":4,"name":"body_sgirl_","parent":"body_sgirl"},{"displayIndex":4,"name":"head_sgirl","parent":"head_sgirl"},{"displayIndex":12,"name":"big_wave_red","parent":"body_sgirl"},{"displayIndex":4,"name":"eye","parent":"body_sgirl"},{"displayIndex":4,"name":"mouth_s","parent":"body_sgirl"}],"skin":[{"slot":[{"name":"head_sgirl","display":[{"name":"head_sgirl__0","transform":{"x":60.62,"y":-0.62,"skX":75.62,"skY":75.62}},{"name":"head_sgirl_","transform":{"x":60.62,"y":-0.62,"skX":75.62,"skY":75.62}},{"name":"head_sgirl__1","transform":{"x":60.86,"y":-0.68,"skX":75.62,"skY":75.62}},{"name":"head_sgirl__3","transform":{"x":60.92,"y":-0.44,"skX":75.62,"skY":75.62}},{"name":"head_sgirl__2","transform":{"x":-31.02,"y":16.42,"skX":75.62,"skY":75.62}}]},{"name":"body_sgirl_","display":[{"name":"body_sgirl_","transform":{"x":72.96,"y":8.26,"skX":74.04,"skY":74.04}},{"name":"body_sgirl__3","transform":{"x":72.96,"y":8.26,"skX":74.04,"skY":74.04}},{"name":"body_sgirl__1","transform":{"x":72.96,"y":8.26,"skX":74.04,"skY":74.04}},{"name":"body_sgirl__0","transform":{"x":72.96,"y":8.26,"skX":74.04,"skY":74.04}},{"name":"body_sgirl__2","transform":{"x":72.96,"y":8.26,"skX":74.04,"skY":74.04}}]},{"name":"leg_l_sgirl","display":[{"name":"leg_l_sgirl_","transform":{"x":35.56,"y":2.12,"skX":-62.62,"skY":-62.62}},{"name":"leg_l_sgirl__0","transform":{"x":35.56,"y":2.12,"skX":-62.62,"skY":-62.62}},{"name":"leg_l_sgirl__1","transform":{"x":35.56,"y":2.12,"skX":-62.62,"skY":-62.62}},{"name":"leg_l_sgirl__2","transform":{"x":35.78,"y":2.23,"skX":-62.62,"skY":-62.62}},{"name":"leg_l_sgirl__3","transform":{"x":35.78,"y":2.23,"skX":-62.62,"skY":-62.62}}]},{"name":"leg_r_sgirl","display":[{"name":"leg_r_sgirl__1","transform":{"x":33.24,"y":3.01,"skX":-66.18,"skY":-66.18}},{"name":"leg_r_sgirl_","transform":{"x":-64.33,"y":-59.48,"skX":-66.18,"skY":-66.18}},{"name":"leg_r_sgirl__3","transform":{"x":33.24,"y":3.01,"skX":-66.18,"skY":-66.18}},{"name":"leg_r_sgirl__2","transform":{"x":33.24,"y":3.01,"skX":-66.18,"skY":-66.18}},{"name":"leg_r_sgirl__0","transform":{"x":-64.33,"y":-59.48,"skX":-66.18,"skY":-66.18}}]},{"name":"big_wave_red","display":[{"name":"big_wave/big_wave_red","transform":{"x":75.02,"y":28.75,"skX":74.04,"skY":74.04}},{"name":"big_wave/big_wave_yellow","transform":{"x":75.02,"y":28.75,"skX":74.04,"skY":74.04}},{"name":"big_wave/big_wave_black","transform":{"x":75.28,"y":28.75,"skX":74.04,"skY":74.04}},{"name":"big_wave/big_wave_purple","transform":{"x":75.02,"y":28.75,"skX":74.04,"skY":74.04}},{"name":"big_wave/big_wave_white","transform":{"x":75.02,"y":28.75,"skX":74.04,"skY":74.04}},{"name":"black_long/long_purple","transform":{"x":88.44,"y":14.2,"skX":74.04,"skY":74.04}},{"name":"black_long/long_red","transform":{"x":88.44,"y":14.2,"skX":74.04,"skY":74.04}},{"name":"black_long/long_white","transform":{"x":88.44,"y":14.2,"skX":74.04,"skY":74.04}},{"name":"black_long/long_yellow","transform":{"x":88.44,"y":14.2,"skX":74.04,"skY":74.04}},{"name":"black_long/long_black","transform":{"x":88.43,"y":14.2,"skX":74.04,"skY":74.04}},{"name":"pao/pao_black","transform":{"x":170.31,"y":3.35,"skX":74.04,"skY":74.04}},{"name":"pao/pao_purple","transform":{"x":170.31,"y":3.35,"skX":74.04,"skY":74.04}},{"name":"pao/pao_white","transform":{"x":170.31,"y":3.35,"skX":74.04,"skY":74.04}},{"name":"pao/pao_red","transform":{"x":170.31,"y":3.35,"skX":74.04,"skY":74.04}},{"name":"pao/pao_yellow","transform":{"x":170.31,"y":3.35,"skX":74.04,"skY":74.04}}]},{"name":"eye","display":[{"name":"other/eye","transform":{"x":131.28,"y":-18.07,"skX":74.04,"skY":74.04}},{"name":"other/eye _1","transform":{"x":131.28,"y":-18.07,"skX":74.04,"skY":74.04}},{"name":"other/eye_4","transform":{"x":131.28,"y":-18.07,"skX":74.04,"skY":74.04}},{"name":"other/eye_2","transform":{"x":131.28,"y":-18.07,"skX":74.04,"skY":74.04}},{"name":"other/eye_3","transform":{"x":131.28,"y":-18.07,"skX":74.04,"skY":74.04}}]},{"name":"mouth_s","display":[{"name":"other/mouth_s","transform":{"x":101.25,"y":-33.14,"skX":74.04,"skY":74.04}},{"name":"other/mouth_smile","transform":{"x":101.55,"y":-34.2,"skX":74.04,"skY":74.04}},{"name":"other/mouth_smi","transform":{"x":101.55,"y":-34.2,"skX":74.04,"skY":74.04}},{"name":"other/mouth_sm","transform":{"x":101.55,"y":-34.2,"skX":74.04,"skY":74.04}},{"name":"other/mouth_smil","transform":{"x":101.55,"y":-34.2,"skX":74.04,"skY":74.04}}]}]}],"animation":[{"duration":25,"playTimes":0,"name":"newAnimation","bone":[{"name":"body_sgirl","translateFrame":[{"duration":5,"tweenEasing":0,"x":6.32,"y":-0.9},{"duration":4,"tweenEasing":0,"x":6.32,"y":8.25},{"duration":4,"tweenEasing":0,"x":6.32,"y":0.35},{"duration":5,"tweenEasing":0,"x":6.32,"y":-0.9},{"duration":4,"tweenEasing":0,"x":6.32,"y":8.25},{"duration":3,"tweenEasing":0,"x":6.32,"y":0.35},{"duration":0,"x":6.32,"y":-0.9}]},{"name":"head_sgirl","rotateFrame":[{"duration":5,"tweenEasing":0},{"duration":4,"tweenEasing":0,"rotate":-9},{"duration":4,"tweenEasing":0,"rotate":1},{"duration":5,"tweenEasing":0},{"duration":4,"tweenEasing":0,"rotate":-9},{"duration":3,"tweenEasing":0,"rotate":1},{"duration":0}]},{"name":"leg_r_sgirl","translateFrame":[{"duration":5,"tweenEasing":0,"x":1.39,"y":0.03},{"duration":4,"tweenEasing":0,"x":2.23,"y":-0.21},{"duration":4,"tweenEasing":0,"x":0.48,"y":6.16},{"duration":2,"tweenEasing":0,"x":3.39,"y":16.34},{"duration":2,"tweenEasing":0,"x":5.63,"y":19.73},{"duration":4,"tweenEasing":0,"x":6.13,"y":21.82},{"duration":4,"tweenEasing":0,"x":7.21,"y":6.41},{"duration":0,"x":-1.07,"y":0.73}],"rotateFrame":[{"duration":5,"tweenEasing":0,"rotate":39.78},{"duration":4,"tweenEasing":0,"rotate":46.93},{"duration":4,"tweenEasing":0,"rotate":13.78},{"duration":4,"tweenEasing":0,"rotate":-10.22},{"duration":8,"tweenEasing":0,"rotate":-10.22},{"duration":0,"rotate":39.78}]},{"name":"leg_l_sgirl","translateFrame":[{"duration":9,"tweenEasing":0,"x":5.53,"y":-1.19},{"duration":8,"tweenEasing":0,"x":0.13,"y":-20.58},{"duration":4,"tweenEasing":0,"x":-6.39,"y":-21.46},{"duration":4,"tweenEasing":0,"x":-2.98,"y":-12.27},{"duration":0,"x":5.53,"y":-1.19}],"rotateFrame":[{"duration":5,"tweenEasing":0},{"duration":8,"tweenEasing":0,"rotate":-14},{"duration":4,"tweenEasing":0,"rotate":35.34},{"duration":4,"tweenEasing":0,"rotate":46.65},{"duration":4,"tweenEasing":0,"rotate":27.99},{"duration":0}]}]}],"defaultActions":[{"gotoAndPlay":"newAnimation"}]}]}