{
	"skins": {
		"eui.Button": "resource/eui_skins/ButtonSkin.exml",
		"eui.CheckBox": "resource/eui_skins/CheckBoxSkin.exml",
		"eui.HScrollBar": "resource/eui_skins/HScrollBarSkin.exml",
		"eui.HSlider": "resource/eui_skins/HSliderSkin.exml",
		"eui.Panel": "resource/eui_skins/PanelSkin.exml",
		"eui.TextInput": "resource/eui_skins/TextInputSkin.exml",
		"eui.RadioButton": "resource/eui_skins/RadioButtonSkin.exml",
		"eui.Scroller": "resource/eui_skins/ScrollerSkin.exml",
		"eui.ToggleSwitch": "resource/eui_skins/ToggleSwitchSkin.exml",
		"eui.VScrollBar": "resource/eui_skins/VScrollBarSkin.exml",
		"eui.VSlider": "resource/eui_skins/VSliderSkin.exml",
		"eui.ItemRenderer": "resource/eui_skins/ItemRendererSkin.exml",
		"SceneBegin": "resource/scene/SceneBegin.exml",
		"SceneGame": "resource/scene/SceneGame.exml",
		"menu": "resource/eui_skins/menu.exml",
		"pause_panel": "resource/eui_skins/pause_panel.exml",
		"Begin_inter": "resource/eui_skins/Begin_inter.exml",
		"main_interface2": "resource/eui_skins/main_interface2.exml",
		"menu_new": "resource/eui_skins/menu_new.exml"
	},
	"autoGenerateExmlsList": true,
	"exmls": [
		"resource/eui_skins/Begin_inter.exml",
		"resource/eui_skins/ButtonSkin.exml",
		"resource/eui_skins/CheckBoxSkin.exml",
		"resource/eui_skins/HScrollBarSkin.exml",
		"resource/eui_skins/HSliderSkin.exml",
		"resource/eui_skins/ItemRendererSkin.exml",
		"resource/eui_skins/LabelSkin.exml",
		"resource/eui_skins/loading.exml",
		"resource/eui_skins/main_interface2.exml",
		"resource/eui_skins/ProgressBarSkin_1.exml",
		"resource/eui_skins/ProgressBarSkin_2.exml",
		"resource/eui_skins/menu_new.exml",
		"resource/eui_skins/menu.exml",
		"resource/eui_skins/PanelSkin.exml",
		"resource/eui_skins/pause_panel.exml",
		"resource/eui_skins/prebkg.exml",
		"resource/eui_skins/RadioButtonSkin.exml",
		"resource/eui_skins/ScrollerSkin.exml",
		"resource/eui_skins/TextInputSkin.exml",
		"resource/eui_skins/ToggleSwitchSkin.exml",
		"resource/eui_skins/VScrollBarSkin.exml",
		"resource/eui_skins/VSliderSkin.exml",
		"resource/menu/but_setting.exml",
		"resource/scene/SceneBegin.exml",
		"resource/scene/SceneGame.exml"
	],
	"path": "resource/default.thm.json"
}