{
	"groups": [
		{
			"keys": "button_down_png,button_up_png,checkbox_select_disabled_png,checkbox_select_down_png,checkbox_select_up_png,checkbox_unselect_png,selected_png,border_png,header_png,thumb_pb_png,track_pb_png,radiobutton_select_disabled_png,radiobutton_select_down_png,radiobutton_select_up_png,radiobutton_unselect_png,roundthumb_png,track_sb_png,thumb_png,track_png,tracklight_png,handle_png,off_png,on_png,back_btn_png,bg2_jpg,block1_png,block2_png,block3_png,finger_png,jump_mp3,piece_png,push_mp3,relive_png,restart_btn_png,setting_bg_jpg,setting_btn_png,setting_off_png,setting_on_png,start_btn_png,streak_png,egret_icon_png,description_json,green_png,door_png,yellow_png,vol_progress_png,clock_png,collection_button_png,creator_button_png,mainbackdrop_png,quit_button_png,setting_button_png,show_buyer_png,start_button_png,mixture_progress_png,start_return_png,memo1_png,memo2_png,memo3_png,newgame_png,queding_png,inputText_png,inputClue_png,creator_bg_png,collection_bg_png,quitClue_png,setting_ui_png,jokey_eye_png,twice_eye_png,bean_eye_png,mimi_eye_png,dead_fish_eye_png,l_yesno_png,l_setting_png,l_door_png,l_buyshow_png,l_yao_png,l_notes_png,jindutiao_kong_png,jindutiao_man_png,yao_jindutiao_man_png,yao_jindutiao_kong_png,music_gou_png,caozuo_btn_png,caozuo_detail_png,mawei_purple_png,mawei_white_png,mawei_yellow_png,mawei_black_png,mawei_red_png,pao_red_png,pao_black_png,pao_yellow_png,pao_white_png,pao_purple_png,big_wave_purple_png,big_wave_white_png,big_wave_yellow_png,big_wave_black_png,big_wave_red_png,long_red_png,long_black_png,long_yellow_png,long_white_png,long_purple_png,w_png,smile_png,3_png,openSmile_png,reverse_V_png,tiny_png,fatty_png,normal_png,s_red_png,s_white_png,s_black_png,s_blue_png,s_yellow_png,l_yellow_png,l_white_png,l_black_png,l_blue_png,l_red_png,n_red_png,n_black_png,n_yellow_png,m_smile_png,m_open_smile_png,m_3_png,m_reverse_v_png,m_w_png,m_meye_png,m_seye_png,m_leye_png,s_black2_png,s_purple_png,s_white2_png,s_red2_png,s_yellow2_png,j_black_png,j_yellow_png,j_red_png,j_white_png,j_purple_png,p_black_png,p_yellow_png,p_red_png,p_white_png,p_purple_png,u_purple_png,u_white_png,u_red_png,u_yellow_png,u_black_png,n_white_png,normal_girl_json,fire.json,fire.png,normal_girl_tex_2_png,normal_girl_tex_json,normal_girl_tex_png,normal_girl_ske_json,note_bg_png,notes_png,cha_png,xiaohuakuai_png,huatiao_png,p_Bigeye_png,p_Skin_png,p_dye_png,p_Colar_png,l_colar_png,l_skin_png,l_dye_png,l_bigeye_png,buy_show_bg_png,dise_png,tiancongse_png,buypic_bg_png,pause_bg_png,pause_fanhui_png,pause_shezi_png,pause_jixu_png,music_set_png,end_png,tiny_boy_ske_json,tiny_boy_tex_png,tiny_boy_tex_json,set_return_bg_png,black_door_png,open_door_png,reward_png,general_png,punish_png,go_return_png,menkuang_png,close_door_png,reward_return_png,clock_tex_json,clock_tex_png,clock_ske_json,small_png,fatty2_png,normal2_png,ghost_tex_json,ghost_tex_png,ghost_ske_json,n30_png,n31_png,n32_png,n33_png,n34_png,fatty_boy_tex_json,fatty_boy_tex_png,fatty_boy_ske_json,normal_boy_tex_json,normal_boy_tex_png,normal_boy_ske_json,tiny_girl_tex_json,tiny_girl_tex_png,tiny_girl_ske_json,fatty_girl_tex_json,fatty_girl_tex_png,fatty_girl_ske_json,pause_return_png,ps_bg_png,loading_json,loading_png,d1_png,d2_png,d3_png,d4_png,d5_png,pipe_png,equip_png,com_bgp_png,com_bgp1_png,boy_tex_json,boy_ske_json,boy_tex_png,blackgirl_ske_json,blackgirl_tex_png,blackgirl_tex_json,horsegirl_ske_json,horsegirl_tex_png,horsegirl_tex_json,yellowgirl_ske_json,yellowgirl_tex_png,yellowgirl_tex_json,setting_png,difang_png,fh_yes_png,fh_no_png,guo_l_png,preloading_png,savegame_png,c_off_png,c_on_png",
			"name": "preload"
		},
		{
			"keys": "preloading_png,miao_ttf,difang_png",
			"name": "load"
		}
	],
	"resources": [
		{
			"url": "assets/pic/setting.png",
			"type": "image",
			"name": "setting_png"
		},
		{
			"url": "assets/fire.json",
			"type": "json",
			"name": "fire.json"
		},
		{
			"url": "assets/fire.png",
			"type": "image",
			"name": "fire.png"
		},
		{
			"url": "assets/normal_girl_mc.json",
			"type": "json",
			"name": "normal_girl_json"
		},
		{
			"url": "assets/Button/button_down.png",
			"type": "image",
			"name": "button_down_png"
		},
		{
			"url": "assets/Button/button_up.png",
			"type": "image",
			"name": "button_up_png"
		},
		{
			"url": "assets/CheckBox/checkbox_select_disabled.png",
			"type": "image",
			"name": "checkbox_select_disabled_png"
		},
		{
			"url": "assets/CheckBox/checkbox_select_down.png",
			"type": "image",
			"name": "checkbox_select_down_png"
		},
		{
			"url": "assets/CheckBox/checkbox_select_up.png",
			"type": "image",
			"name": "checkbox_select_up_png"
		},
		{
			"url": "assets/CheckBox/checkbox_unselect.png",
			"type": "image",
			"name": "checkbox_unselect_png"
		},
		{
			"url": "assets/ItemRenderer/selected.png",
			"type": "image",
			"name": "selected_png"
		},
		{
			"url": "assets/Panel/border.png",
			"type": "image",
			"name": "border_png"
		},
		{
			"url": "assets/Panel/header.png",
			"type": "image",
			"name": "header_png"
		},
		{
			"url": "assets/ProgressBar/thumb_pb.png",
			"type": "image",
			"name": "thumb_pb_png"
		},
		{
			"url": "assets/ProgressBar/track_pb.png",
			"type": "image",
			"name": "track_pb_png"
		},
		{
			"url": "assets/RadioButton/radiobutton_select_disabled.png",
			"type": "image",
			"name": "radiobutton_select_disabled_png"
		},
		{
			"url": "assets/RadioButton/radiobutton_select_down.png",
			"type": "image",
			"name": "radiobutton_select_down_png"
		},
		{
			"url": "assets/RadioButton/radiobutton_select_up.png",
			"type": "image",
			"name": "radiobutton_select_up_png"
		},
		{
			"url": "assets/RadioButton/radiobutton_unselect.png",
			"type": "image",
			"name": "radiobutton_unselect_png"
		},
		{
			"url": "assets/ScrollBar/roundthumb.png",
			"type": "image",
			"name": "roundthumb_png"
		},
		{
			"url": "assets/ScrollBar/track_sb.png",
			"type": "image",
			"name": "track_sb_png"
		},
		{
			"url": "assets/Slider/thumb.png",
			"type": "image",
			"name": "thumb_png"
		},
		{
			"url": "assets/Slider/track.png",
			"type": "image",
			"name": "track_png"
		},
		{
			"url": "assets/Slider/tracklight.png",
			"type": "image",
			"name": "tracklight_png"
		},
		{
			"url": "assets/ToggleSwitch/handle.png",
			"type": "image",
			"name": "handle_png"
		},
		{
			"url": "assets/ToggleSwitch/off.png",
			"type": "image",
			"name": "off_png"
		},
		{
			"url": "assets/ToggleSwitch/on.png",
			"type": "image",
			"name": "on_png"
		},
		{
			"url": "assets/data/back_btn.png",
			"type": "image",
			"name": "back_btn_png"
		},
		{
			"url": "assets/data/bg.jpg",
			"type": "image",
			"name": "bg2_jpg"
		},
		{
			"url": "assets/data/block1.png",
			"type": "image",
			"name": "block1_png"
		},
		{
			"url": "assets/data/block2.png",
			"type": "image",
			"name": "block2_png"
		},
		{
			"url": "assets/data/block3.png",
			"type": "image",
			"name": "block3_png"
		},
		{
			"url": "assets/data/finger.png",
			"type": "image",
			"name": "finger_png"
		},
		{
			"url": "assets/data/jump.mp3",
			"type": "sound",
			"name": "jump_mp3"
		},
		{
			"url": "assets/data/piece.png",
			"type": "image",
			"name": "piece_png"
		},
		{
			"url": "assets/data/push.mp3",
			"type": "sound",
			"name": "push_mp3"
		},
		{
			"url": "assets/data/relive.png",
			"type": "image",
			"name": "relive_png"
		},
		{
			"url": "assets/data/restart_btn.png",
			"type": "image",
			"name": "restart_btn_png"
		},
		{
			"url": "assets/data/setting_bg.jpg",
			"type": "image",
			"name": "setting_bg_jpg"
		},
		{
			"url": "assets/data/setting_btn.png",
			"type": "image",
			"name": "setting_btn_png"
		},
		{
			"url": "assets/data/setting_off.png",
			"type": "image",
			"name": "setting_off_png"
		},
		{
			"url": "assets/data/setting_on.png",
			"type": "image",
			"name": "setting_on_png"
		},
		{
			"url": "assets/data/start_btn.png",
			"type": "image",
			"name": "start_btn_png"
		},
		{
			"url": "assets/data/streak.png",
			"type": "image",
			"name": "streak_png"
		},
		{
			"url": "assets/egret_icon.png",
			"type": "image",
			"name": "egret_icon_png"
		},
		{
			"url": "config/description.json",
			"type": "json",
			"name": "description_json"
		},
		{
			"url": "assets/pic/green.png",
			"type": "image",
			"name": "green_png"
		},
		{
			"url": "assets/pic/door.png",
			"type": "image",
			"name": "door_png"
		},
		{
			"url": "assets/pic/yellow.png",
			"type": "image",
			"name": "yellow_png"
		},
		{
			"url": "assets/pic/compare.png",
			"type": "image",
			"name": "compare_png"
		},
		{
			"url": "assets/pic/background.png",
			"type": "image",
			"name": "background_png"
		},
		{
			"url": "assets/pic/vol_progress.png",
			"type": "image",
			"name": "vol_progress_png"
		},
		{
			"url": "assets/pic/fou.png",
			"type": "image",
			"name": "fou_png"
		},
		{
			"url": "assets/pic/guo.png",
			"type": "image",
			"name": "guo_png"
		},
		{
			"url": "assets/pic/thought.png",
			"type": "image",
			"name": "thought_png"
		},
		{
			"url": "assets/pic/shi.png",
			"type": "image",
			"name": "shi_png"
		},
		{
			"url": "assets/pic/talk_inter.png",
			"type": "image",
			"name": "talk_inter_png"
		},
		{
			"url": "assets/pic/clock.png",
			"type": "image",
			"name": "clock_png"
		},
		{
			"url": "assets/pic/collection_button.png",
			"type": "image",
			"name": "collection_button_png"
		},
		{
			"url": "assets/pic/creator_button.png",
			"type": "image",
			"name": "creator_button_png"
		},
		{
			"url": "assets/pic/mainbackdrop.png",
			"type": "image",
			"name": "mainbackdrop_png"
		},
		{
			"url": "assets/pic/quit_button.png",
			"type": "image",
			"name": "quit_button_png"
		},
		{
			"url": "assets/pic/setting_button.png",
			"type": "image",
			"name": "setting_button_png"
		},
		{
			"url": "assets/pic/show_buyer.png",
			"type": "image",
			"name": "show_buyer_png"
		},
		{
			"url": "assets/pic/start_button.png",
			"type": "image",
			"name": "start_button_png"
		},
		{
			"url": "assets/pic/mixture_progress.png",
			"type": "image",
			"name": "mixture_progress_png"
		},
		{
			"url": "assets/pic/start_return.png",
			"type": "image",
			"name": "start_return_png"
		},
		{
			"url": "assets/pic/memo1.png",
			"type": "image",
			"name": "memo1_png"
		},
		{
			"url": "assets/pic/memo2.png",
			"type": "image",
			"name": "memo2_png"
		},
		{
			"url": "assets/pic/memo3.png",
			"type": "image",
			"name": "memo3_png"
		},
		{
			"url": "assets/pic/newgame.png",
			"type": "image",
			"name": "newgame_png"
		},
		{
			"url": "assets/pic/queding.png",
			"type": "image",
			"name": "queding_png"
		},
		{
			"url": "assets/pic/inputText.png",
			"type": "image",
			"name": "inputText_png"
		},
		{
			"url": "assets/pic/inputClue.png",
			"type": "image",
			"name": "inputClue_png"
		},
		{
			"url": "assets/pic/creator_bg.png",
			"type": "image",
			"name": "creator_bg_png"
		},
		{
			"url": "assets/pic/collection_bg.png",
			"type": "image",
			"name": "collection_bg_png"
		},
		{
			"url": "assets/pic/quitClue.png",
			"type": "image",
			"name": "quitClue_png"
		},
		{
			"url": "assets/pic/setting_ui.png",
			"type": "image",
			"name": "setting_ui_png"
		},
		{
			"url": "assets/pic/eyes/woman/jokey_eye.png",
			"type": "image",
			"name": "jokey_eye_png"
		},
		{
			"url": "assets/pic/eyes/woman/twice_eye.png",
			"type": "image",
			"name": "twice_eye_png"
		},
		{
			"url": "assets/pic/eyes/woman/bean_eye.png",
			"type": "image",
			"name": "bean_eye_png"
		},
		{
			"url": "assets/pic/eyes/woman/mimi_eye.png",
			"type": "image",
			"name": "mimi_eye_png"
		},
		{
			"url": "assets/pic/eyes/woman/dead_fish_eye.png",
			"type": "image",
			"name": "dead_fish_eye_png"
		},
		{
			"url": "assets/pic/l_yesno.png",
			"type": "image",
			"name": "l_yesno_png"
		},
		{
			"url": "assets/pic/l_setting.png",
			"type": "image",
			"name": "l_setting_png"
		},
		{
			"url": "assets/pic/l_door.png",
			"type": "image",
			"name": "l_door_png"
		},
		{
			"url": "assets/pic/l_buyshow.png",
			"type": "image",
			"name": "l_buyshow_png"
		},
		{
			"url": "assets/pic/l_yao.png",
			"type": "image",
			"name": "l_yao_png"
		},
		{
			"url": "assets/pic/l_notes.png",
			"type": "image",
			"name": "l_notes_png"
		},
		{
			"url": "assets/pic/jindutiao_kong.png",
			"type": "image",
			"name": "jindutiao_kong_png"
		},
		{
			"url": "assets/pic/jindutiao_man.png",
			"type": "image",
			"name": "jindutiao_man_png"
		},
		{
			"url": "assets/pic/yao_jindutiao_man.png",
			"type": "image",
			"name": "yao_jindutiao_man_png"
		},
		{
			"url": "assets/pic/yao_jindutiao_kong.png",
			"type": "image",
			"name": "yao_jindutiao_kong_png"
		},
		{
			"url": "assets/pic/music_gou.png",
			"type": "image",
			"name": "music_gou_png"
		},
		{
			"url": "assets/pic/caozuo_btn.png",
			"type": "image",
			"name": "caozuo_btn_png"
		},
		{
			"url": "assets/pic/caozuo_detail.png",
			"type": "image",
			"name": "caozuo_detail_png"
		},
		{
			"url": "assets/pic/hair/woman/horse_tail/mawei_purple.png",
			"type": "image",
			"name": "mawei_purple_png"
		},
		{
			"url": "assets/pic/hair/woman/horse_tail/mawei_white.png",
			"type": "image",
			"name": "mawei_white_png"
		},
		{
			"url": "assets/pic/hair/woman/horse_tail/mawei_yellow.png",
			"type": "image",
			"name": "mawei_yellow_png"
		},
		{
			"url": "assets/pic/hair/woman/horse_tail/mawei_black.png",
			"type": "image",
			"name": "mawei_black_png"
		},
		{
			"url": "assets/pic/hair/woman/horse_tail/mawei_red.png",
			"type": "image",
			"name": "mawei_red_png"
		},
		{
			"url": "assets/pic/hair/woman/pao/pao_red.png",
			"type": "image",
			"name": "pao_red_png"
		},
		{
			"url": "assets/pic/hair/woman/pao/pao_black.png",
			"type": "image",
			"name": "pao_black_png"
		},
		{
			"url": "assets/pic/hair/woman/pao/pao_yellow.png",
			"type": "image",
			"name": "pao_yellow_png"
		},
		{
			"url": "assets/pic/hair/woman/pao/pao_white.png",
			"type": "image",
			"name": "pao_white_png"
		},
		{
			"url": "assets/pic/hair/woman/pao/pao_purple.png",
			"type": "image",
			"name": "pao_purple_png"
		},
		{
			"url": "assets/pic/hair/woman/big_wave/big_wave_purple.png",
			"type": "image",
			"name": "big_wave_purple_png"
		},
		{
			"url": "assets/pic/hair/woman/big_wave/big_wave_white.png",
			"type": "image",
			"name": "big_wave_white_png"
		},
		{
			"url": "assets/pic/hair/woman/big_wave/big_wave_yellow.png",
			"type": "image",
			"name": "big_wave_yellow_png"
		},
		{
			"url": "assets/pic/hair/woman/big_wave/big_wave_black.png",
			"type": "image",
			"name": "big_wave_black_png"
		},
		{
			"url": "assets/pic/hair/woman/big_wave/big_wave_red.png",
			"type": "image",
			"name": "big_wave_red_png"
		},
		{
			"url": "assets/pic/hair/woman/black_long/long_red.png",
			"type": "image",
			"name": "long_red_png"
		},
		{
			"url": "assets/pic/hair/woman/black_long/long_black.png",
			"type": "image",
			"name": "long_black_png"
		},
		{
			"url": "assets/pic/hair/woman/black_long/long_yellow.png",
			"type": "image",
			"name": "long_yellow_png"
		},
		{
			"url": "assets/pic/hair/woman/black_long/long_white.png",
			"type": "image",
			"name": "long_white_png"
		},
		{
			"url": "assets/pic/hair/woman/black_long/long_purple.png",
			"type": "image",
			"name": "long_purple_png"
		},
		{
			"url": "assets/pic/mouth/woman/w.png",
			"type": "image",
			"name": "w_png"
		},
		{
			"url": "assets/pic/mouth/woman/smile.png",
			"type": "image",
			"name": "smile_png"
		},
		{
			"url": "assets/pic/mouth/woman/3.png",
			"type": "image",
			"name": "3_png"
		},
		{
			"url": "assets/pic/mouth/woman/openSmile.png",
			"type": "image",
			"name": "openSmile_png"
		},
		{
			"url": "assets/pic/mouth/woman/reverse_V.png",
			"type": "image",
			"name": "reverse_V_png"
		},
		{
			"url": "assets/pic/figure/woman/tiny.png",
			"type": "image",
			"name": "tiny_png"
		},
		{
			"url": "assets/pic/figure/woman/fatty.png",
			"type": "image",
			"name": "fatty_png"
		},
		{
			"url": "assets/pic/figure/woman/normal.png",
			"type": "image",
			"name": "normal_png"
		},
		{
			"url": "assets/pic/skin_color/woman/small/s_red.png",
			"type": "image",
			"name": "s_red_png"
		},
		{
			"url": "assets/pic/skin_color/woman/small/s_white.png",
			"type": "image",
			"name": "s_white_png"
		},
		{
			"url": "assets/pic/skin_color/woman/small/s_black.png",
			"type": "image",
			"name": "s_black_png"
		},
		{
			"url": "assets/pic/skin_color/woman/small/s_blue.png",
			"type": "image",
			"name": "s_blue_png"
		},
		{
			"url": "assets/pic/skin_color/woman/small/s_yellow.png",
			"type": "image",
			"name": "s_yellow_png"
		},
		{
			"url": "assets/pic/skin_color/woman/large/l_yellow.png",
			"type": "image",
			"name": "l_yellow_png"
		},
		{
			"url": "assets/pic/skin_color/woman/large/l_white.png",
			"type": "image",
			"name": "l_white_png"
		},
		{
			"url": "assets/pic/skin_color/woman/large/l_black.png",
			"type": "image",
			"name": "l_black_png"
		},
		{
			"url": "assets/pic/skin_color/woman/large/l_blue.png",
			"type": "image",
			"name": "l_blue_png"
		},
		{
			"url": "assets/pic/skin_color/woman/large/l_red.png",
			"type": "image",
			"name": "l_red_png"
		},
		{
			"url": "assets/pic/skin_color/woman/normal/n_red.png",
			"type": "image",
			"name": "n_red_png"
		},
		{
			"url": "assets/pic/skin_color/woman/normal/n_black.png",
			"type": "image",
			"name": "n_black_png"
		},
		{
			"url": "assets/pic/skin_color/woman/normal/n_yellow.png",
			"type": "image",
			"name": "n_yellow_png"
		},
		{
			"url": "assets/pic/mouth/man/m_smile.png",
			"type": "image",
			"name": "m_smile_png"
		},
		{
			"url": "assets/pic/mouth/man/m_open_smile.png",
			"type": "image",
			"name": "m_open_smile_png"
		},
		{
			"url": "assets/pic/mouth/man/m_3.png",
			"type": "image",
			"name": "m_3_png"
		},
		{
			"url": "assets/pic/mouth/man/m_reverse_v.png",
			"type": "image",
			"name": "m_reverse_v_png"
		},
		{
			"url": "assets/pic/mouth/man/m_w.png",
			"type": "image",
			"name": "m_w_png"
		},
		{
			"url": "assets/pic/eyes/man/m_meye.png",
			"type": "image",
			"name": "m_meye_png"
		},
		{
			"url": "assets/pic/eyes/man/m_seye.png",
			"type": "image",
			"name": "m_seye_png"
		},
		{
			"url": "assets/pic/eyes/man/m_leye.png",
			"type": "image",
			"name": "m_leye_png"
		},
		{
			"url": "assets/pic/hair/man/short/s_black.png",
			"type": "image",
			"name": "s_black2_png"
		},
		{
			"url": "assets/pic/hair/man/short/s_purple.png",
			"type": "image",
			"name": "s_purple_png"
		},
		{
			"url": "assets/pic/hair/man/short/s_white.png",
			"type": "image",
			"name": "s_white2_png"
		},
		{
			"url": "assets/pic/hair/man/short/s_red.png",
			"type": "image",
			"name": "s_red2_png"
		},
		{
			"url": "assets/pic/hair/man/short/s_yellow.png",
			"type": "image",
			"name": "s_yellow2_png"
		},
		{
			"url": "assets/pic/hair/man/juan/j_black.png",
			"type": "image",
			"name": "j_black_png"
		},
		{
			"url": "assets/pic/hair/man/juan/j_yellow.png",
			"type": "image",
			"name": "j_yellow_png"
		},
		{
			"url": "assets/pic/hair/man/juan/j_red.png",
			"type": "image",
			"name": "j_red_png"
		},
		{
			"url": "assets/pic/hair/man/juan/j_white.png",
			"type": "image",
			"name": "j_white_png"
		},
		{
			"url": "assets/pic/hair/man/juan/j_purple.png",
			"type": "image",
			"name": "j_purple_png"
		},
		{
			"url": "assets/pic/hair/man/pot/p_black.png",
			"type": "image",
			"name": "p_black_png"
		},
		{
			"url": "assets/pic/hair/man/pot/p_yellow.png",
			"type": "image",
			"name": "p_yellow_png"
		},
		{
			"url": "assets/pic/hair/man/pot/p_red.png",
			"type": "image",
			"name": "p_red_png"
		},
		{
			"url": "assets/pic/hair/man/pot/p_white.png",
			"type": "image",
			"name": "p_white_png"
		},
		{
			"url": "assets/pic/hair/man/pot/p_purple.png",
			"type": "image",
			"name": "p_purple_png"
		},
		{
			"url": "assets/pic/hair/man/unfasion/u_purple.png",
			"type": "image",
			"name": "u_purple_png"
		},
		{
			"url": "assets/pic/hair/man/unfasion/u_white.png",
			"type": "image",
			"name": "u_white_png"
		},
		{
			"url": "assets/pic/hair/man/unfasion/u_red.png",
			"type": "image",
			"name": "u_red_png"
		},
		{
			"url": "assets/pic/hair/man/unfasion/u_yellow.png",
			"type": "image",
			"name": "u_yellow_png"
		},
		{
			"url": "assets/pic/hair/man/unfasion/u_black.png",
			"type": "image",
			"name": "u_black_png"
		},
		{
			"url": "assets/pic/skin_color/woman/normal/n_white.png",
			"type": "image",
			"name": "n_white_png"
		},
		{
			"url": "assets/pic/set_btn.png",
			"type": "image",
			"name": "set_btn_png"
		},
		{
			"url": "assets/pic/p1.png",
			"type": "image",
			"name": "p1_png"
		},
		{
			"url": "assets/pic/p2.png",
			"type": "image",
			"name": "p2_png"
		},
		{
			"url": "assets/pic/p3.png",
			"type": "image",
			"name": "p3_png"
		},
		{
			"url": "assets/pic/p4.png",
			"type": "image",
			"name": "p4_png"
		},
		{
			"url": "assets/pic/p5.png",
			"type": "image",
			"name": "p5_png"
		},
		{
			"url": "assets/pic/p6.png",
			"type": "image",
			"name": "p6_png"
		},
		{
			"url": "assets/pic/p7.png",
			"type": "image",
			"name": "p7_png"
		},
		{
			"url": "assets/pic/p8.png",
			"type": "image",
			"name": "p8_png"
		},
		{
			"url": "assets/pic/l_yao_1.png",
			"type": "image",
			"name": "l_yao_1_png"
		},
		{
			"url": "assets/pic/xiaoren.png",
			"type": "image",
			"name": "xiaoren_png"
		},
		{
			"url": "assets/normal_girl_tex_2.png",
			"type": "image",
			"name": "normal_girl_tex_2_png"
		},
		{
			"url": "assets/normal_girl_tex.json",
			"type": "json",
			"name": "normal_girl_tex_json"
		},
		{
			"url": "assets/normal_girl_tex.png",
			"type": "image",
			"name": "normal_girl_tex_png"
		},
		{
			"url": "assets/normal_girl_ske.json",
			"type": "json",
			"name": "normal_girl_ske_json"
		},
		{
			"url": "assets/pic/note_bg.png",
			"type": "image",
			"name": "note_bg_png"
		},
		{
			"url": "assets/pic/notes.png",
			"type": "image",
			"name": "notes_png"
		},
		{
			"url": "assets/pic/cha.png",
			"type": "image",
			"name": "cha_png"
		},
		{
			"url": "assets/pic/xiaohuakuai.png",
			"type": "image",
			"name": "xiaohuakuai_png"
		},
		{
			"url": "assets/pic/huatiao.png",
			"type": "image",
			"name": "huatiao_png"
		},
		{
			"url": "assets/pic/p_Bigeye.png",
			"type": "image",
			"name": "p_Bigeye_png"
		},
		{
			"url": "assets/pic/p_Skin.png",
			"type": "image",
			"name": "p_Skin_png"
		},
		{
			"url": "assets/pic/p_dye.png",
			"type": "image",
			"name": "p_dye_png"
		},
		{
			"url": "assets/pic/p_Colar.png",
			"type": "image",
			"name": "p_Colar_png"
		},
		{
			"url": "assets/pic/l_colar.png",
			"type": "image",
			"name": "l_colar_png"
		},
		{
			"url": "assets/pic/l_skin.png",
			"type": "image",
			"name": "l_skin_png"
		},
		{
			"url": "assets/pic/l_dye.png",
			"type": "image",
			"name": "l_dye_png"
		},
		{
			"url": "assets/pic/l_bigeye.png",
			"type": "image",
			"name": "l_bigeye_png"
		},
		{
			"url": "assets/pic/buy_show_bg.png",
			"type": "image",
			"name": "buy_show_bg_png"
		},
		{
			"url": "assets/pic/dise.png",
			"type": "image",
			"name": "dise_png"
		},
		{
			"url": "assets/pic/tiancongse.png",
			"type": "image",
			"name": "tiancongse_png"
		},
		{
			"url": "assets/pic/buypic_bg.png",
			"type": "image",
			"name": "buypic_bg_png"
		},
		{
			"url": "assets/pic/pause_bg.png",
			"type": "image",
			"name": "pause_bg_png"
		},
		{
			"url": "assets/pic/pause_fanhui.png",
			"type": "image",
			"name": "pause_fanhui_png"
		},
		{
			"url": "assets/pic/pause_shezi.png",
			"type": "image",
			"name": "pause_shezi_png"
		},
		{
			"url": "assets/pic/pause_jixu.png",
			"type": "image",
			"name": "pause_jixu_png"
		},
		{
			"url": "assets/pic/music_set.png",
			"type": "image",
			"name": "music_set_png"
		},
		{
			"url": "assets/pic/end.png",
			"type": "image",
			"name": "end_png"
		},
		{
			"url": "music/main_bgm.mp3",
			"type": "mp3",
			"name": "main_bgm"
		},
		{
			"url": "music/bg_music.mp3",
			"type": "mp3",
			"name": "bg_music"
		},
		{
			"url": "assets/tiny_boy_ske.json",
			"type": "json",
			"name": "tiny_boy_ske_json"
		},
		{
			"url": "assets/tiny_boy_tex.png",
			"type": "image",
			"name": "tiny_boy_tex_png"
		},
		{
			"url": "assets/tiny_boy_tex.json",
			"type": "json",
			"name": "tiny_boy_tex_json"
		},
		{
			"url": "assets/pic/set_return_bg.png",
			"type": "image",
			"name": "set_return_bg_png"
		},
		{
			"url": "assets/pic/black_door.png",
			"type": "image",
			"name": "black_door_png"
		},
		{
			"url": "assets/pic/open_door.png",
			"type": "image",
			"name": "open_door_png"
		},
		{
			"url": "assets/pic/reward.png",
			"type": "image",
			"name": "reward_png"
		},
		{
			"url": "assets/pic/general.png",
			"type": "image",
			"name": "general_png"
		},
		{
			"url": "assets/pic/punish.png",
			"type": "image",
			"name": "punish_png"
		},
		{
			"url": "assets/pic/go_return.png",
			"type": "image",
			"name": "go_return_png"
		},
		{
			"url": "assets/pic/menkuang.png",
			"type": "image",
			"name": "menkuang_png"
		},
		{
			"url": "assets/pic/close_door.png",
			"type": "image",
			"name": "close_door_png"
		},
		{
			"url": "assets/pic/reward_return.png",
			"type": "image",
			"name": "reward_return_png"
		},
		{
			"url": "assets/clock_tex.json",
			"type": "json",
			"name": "clock_tex_json"
		},
		{
			"url": "assets/clock_tex.png",
			"type": "image",
			"name": "clock_tex_png"
		},
		{
			"url": "assets/clock_ske.json",
			"type": "json",
			"name": "clock_ske_json"
		},
		{
			"url": "assets/pic/small.png",
			"type": "image",
			"name": "small_png"
		},
		{
			"url": "assets/pic/fatty.png",
			"type": "image",
			"name": "fatty2_png"
		},
		{
			"url": "assets/pic/normal.png",
			"type": "image",
			"name": "normal2_png"
		},
		{
			"url": "assets/ghost_tex.json",
			"type": "json",
			"name": "ghost_tex_json"
		},
		{
			"url": "assets/ghost_tex.png",
			"type": "image",
			"name": "ghost_tex_png"
		},
		{
			"url": "assets/ghost_ske.json",
			"type": "json",
			"name": "ghost_ske_json"
		},
		{
			"url": "assets/pic/n30.png",
			"type": "image",
			"name": "n30_png"
		},
		{
			"url": "assets/pic/n31.png",
			"type": "image",
			"name": "n31_png"
		},
		{
			"url": "assets/pic/n32.png",
			"type": "image",
			"name": "n32_png"
		},
		{
			"url": "assets/pic/n33.png",
			"type": "image",
			"name": "n33_png"
		},
		{
			"url": "assets/pic/n34.png",
			"type": "image",
			"name": "n34_png"
		},
		{
			"url": "assets/fatty_boy_tex.json",
			"type": "json",
			"name": "fatty_boy_tex_json"
		},
		{
			"url": "assets/fatty_boy_tex.png",
			"type": "image",
			"name": "fatty_boy_tex_png"
		},
		{
			"url": "assets/fatty_boy_ske.json",
			"type": "json",
			"name": "fatty_boy_ske_json"
		},
		{
			"url": "assets/normal_boy_tex.json",
			"type": "json",
			"name": "normal_boy_tex_json"
		},
		{
			"url": "assets/normal_boy_tex.png",
			"type": "image",
			"name": "normal_boy_tex_png"
		},
		{
			"url": "assets/normal_boy_ske.json",
			"type": "json",
			"name": "normal_boy_ske_json"
		},
		{
			"url": "assets/tiny_girl_tex.json",
			"type": "json",
			"name": "tiny_girl_tex_json"
		},
		{
			"url": "assets/tiny_girl_tex.png",
			"type": "image",
			"name": "tiny_girl_tex_png"
		},
		{
			"url": "assets/tiny_girl_ske.json",
			"type": "json",
			"name": "tiny_girl_ske_json"
		},
		{
			"url": "assets/fatty_girl_tex.json",
			"type": "json",
			"name": "fatty_girl_tex_json"
		},
		{
			"url": "assets/fatty_girl_tex.png",
			"type": "image",
			"name": "fatty_girl_tex_png"
		},
		{
			"url": "assets/fatty_girl_ske.json",
			"type": "json",
			"name": "fatty_girl_ske_json"
		},
		{
			"url": "assets/pic/pause_return.png",
			"type": "image",
			"name": "pause_return_png"
		},
		{
			"url": "assets/pic/ps_bg.png",
			"type": "image",
			"name": "ps_bg_png"
		},
		{
			"url": "assets/loading.json",
			"type": "json",
			"name": "loading_json"
		},
		{
			"url": "assets/loading.png",
			"type": "image",
			"name": "loading_png"
		},
		{
			"url": "assets/pic/d1.png",
			"type": "image",
			"name": "d1_png"
		},
		{
			"url": "assets/pic/d2.png",
			"type": "image",
			"name": "d2_png"
		},
		{
			"url": "assets/pic/d3.png",
			"type": "image",
			"name": "d3_png"
		},
		{
			"url": "assets/pic/d4.png",
			"type": "image",
			"name": "d4_png"
		},
		{
			"url": "assets/pic/d5.png",
			"type": "image",
			"name": "d5_png"
		},
		{
			"url": "assets/pic/pipe.png",
			"type": "image",
			"name": "pipe_png"
		},
		{
			"url": "assets/pic/equip.png",
			"type": "image",
			"name": "equip_png"
		},
		{
			"url": "assets/pic/com_bgp.png",
			"type": "image",
			"name": "com_bgp_png"
		},
		{
			"url": "assets/pic/com_bgp1.png",
			"type": "image",
			"name": "com_bgp1_png"
		},
		{
			"url": "assets/boy_tex.json",
			"type": "json",
			"name": "boy_tex_json"
		},
		{
			"url": "assets/boy_tex.png",
			"type": "image",
			"name": "boy_tex_png"
		},
		{
			"url": "assets/boy_ske.json",
			"type": "json",
			"name": "boy_ske_json"
		},
		{
			"url": "assets/blackgirl_ske.json",
			"type": "json",
			"name": "blackgirl_ske_json"
		},
		{
			"url": "assets/blackgirl_tex.png",
			"type": "image",
			"name": "blackgirl_tex_png"
		},
		{
			"url": "assets/blackgirl_tex.json",
			"type": "json",
			"name": "blackgirl_tex_json"
		},
		{
			"url": "assets/horsegirl_ske.json",
			"type": "json",
			"name": "horsegirl_ske_json"
		},
		{
			"url": "assets/horsegirl_tex.png",
			"type": "image",
			"name": "horsegirl_tex_png"
		},
		{
			"url": "assets/horsegirl_tex.json",
			"type": "json",
			"name": "horsegirl_tex_json"
		},
		{
			"url": "assets/yellowgirl_ske.json",
			"type": "json",
			"name": "yellowgirl_ske_json"
		},
		{
			"url": "assets/yellowgirl_tex.png",
			"type": "image",
			"name": "yellowgirl_tex_png"
		},
		{
			"url": "assets/yellowgirl_tex.json",
			"type": "json",
			"name": "yellowgirl_tex_json"
		},
		{
			"url": "assets/pic/difang.png",
			"type": "image",
			"name": "difang_png"
		},
		{
			"url": "assets/pic/preloading.png",
			"type": "image",
			"name": "preloading_png"
		},
		{
			"url": "assets/pic/savegame.png",
			"type": "image",
			"name": "savegame_png"
		},
		{
			"url": "assets/pic/fh_yes.png",
			"type": "image",
			"name": "fh_yes_png"
		},
		{
			"url": "assets/pic/fh_no.png",
			"type": "image",
			"name": "fh_no_png"
		},
		{
			"url": "assets/pic/guo_l.png",
			"type": "image",
			"name": "guo_l_png"
		},
		{
			"url": "assets/miao.ttf",
			"type": "bin",
			"name": "miao_ttf"
		},
		{
			"name": "c_off_png",
			"type": "image",
			"url": "assets/pic/c_off.png"
		},
		{
			"name": "c_on_png",
			"type": "image",
			"url": "assets/pic/c_on.png"
		}
	]
}